ImageId,PredictionString,target
ILSVRC2012_val_00040833,n01440764 130 122 375 240 ,n01440764
ILSVRC2012_val_00046969,n01443537 11 37 341 296 ,n01443537
ILSVRC2012_val_00019409,n01484850 56 121 574 356 ,n01484850
ILSVRC2012_val_00023443,n01491361 63 29 357 370 ,n01491361
ILSVRC2012_val_00018943,n01494475 81 140 332 490 ,n01494475
ILSVRC2012_val_00042751,n01496331 128 134 447 241 ,n01496331
ILSVRC2012_val_00027005,n01498041 389 81 496 151 n01498041 126 128 289 279 ,n01498041
ILSVRC2012_val_00024957,n01514668 49 24 496 393 ,n01514668
ILSVRC2012_val_00014879,n01514859 36 37 409 357 ,n01514859
ILSVRC2012_val_00044975,n01518878 199 14 495 333 n01518878 7 80 304 330 ,n01518878
ILSVRC2012_val_00016476,n01530575 54 31 484 421 ,n01530575
ILSVRC2012_val_00026279,n01531178 129 77 333 372 ,n01531178
ILSVRC2012_val_00042370,n01532829 263 312 441 398 n01532829 46 258 131 461 ,n01532829
ILSVRC2012_val_00030544,n01534433 126 188 491 423 ,n01534433
ILSVRC2012_val_00002449,n01537544 206 213 293 402 ,n01537544
ILSVRC2012_val_00029417,n01558993 136 178 351 472 ,n01558993
ILSVRC2012_val_00020788,n01560419 107 140 256 435 ,n01560419
ILSVRC2012_val_00034144,n01580077 103 133 228 426 ,n01580077
ILSVRC2012_val_00004559,n01582220 149 101 284 445 ,n01582220
ILSVRC2012_val_00045568,n01592084 44 153 248 299 ,n01592084
ILSVRC2012_val_00031973,n01601694 137 115 238 260 ,n01601694
ILSVRC2012_val_00027693,n01608432 166 134 268 187 n01608432 228 189 320 229 ,n01608432
ILSVRC2012_val_00033435,n01614925 131 48 293 455 ,n01614925
ILSVRC2012_val_00024514,n01616318 186 193 446 362 ,n01616318
ILSVRC2012_val_00029497,n01622779 2 3 427 497 ,n01622779
ILSVRC2012_val_00016747,n01629819 143 107 484 204 ,n01629819
ILSVRC2012_val_00045101,n01630670 242 395 1989 1213 ,n01630670
ILSVRC2012_val_00035450,n01631663 150 177 307 231 ,n01631663
ILSVRC2012_val_00031289,n01632458 61 2 465 471 ,n01632458
ILSVRC2012_val_00019710,n01632777 16 10 576 395 ,n01632777
ILSVRC2012_val_00020916,n01641577 1 63 280 295 ,n01641577
ILSVRC2012_val_00006987,n01644373 93 110 290 351 ,n01644373
ILSVRC2012_val_00043524,n01644900 164 74 453 322 ,n01644900
ILSVRC2012_val_00014352,n01664065 144 52 452 350 ,n01664065
ILSVRC2012_val_00025441,n01665541 163 118 403 290 n01665541 71 193 286 355 n01665541 292 0 404 180 n01665541 1 277 127 374 n01665541 81 24 291 157 n01665541 0 41 80 115 n01665541 23 0 234 128 ,n01665541
ILSVRC2012_val_00030163,n01667114 165 137 268 198 ,n01667114
ILSVRC2012_val_00040231,n01667778 0 0 798 399 ,n01667778
ILSVRC2012_val_00001662,n01669191 193 0 499 304 ,n01669191
ILSVRC2012_val_00013582,n01675722 26 172 252 260 ,n01675722
ILSVRC2012_val_00046740,n01677366 206 80 499 333 ,n01677366
ILSVRC2012_val_00040352,n01682714 37 28 177 472 ,n01682714
ILSVRC2012_val_00008807,n01685808 220 71 290 244 ,n01685808
ILSVRC2012_val_00034122,n01687978 31 55 269 463 ,n01687978
ILSVRC2012_val_00015753,n01688243 41 78 240 498 ,n01688243
ILSVRC2012_val_00041330,n01689811 136 65 496 232 ,n01689811
ILSVRC2012_val_00041887,n01692333 208 167 494 303 ,n01692333
ILSVRC2012_val_00000683,n01693334 66 128 380 269 ,n01693334
ILSVRC2012_val_00025511,n01694178 93 47 410 334 ,n01694178
ILSVRC2012_val_00012342,n01695060 46 123 464 284 ,n01695060
ILSVRC2012_val_00022812,n01697457 1 88 476 340 ,n01697457
ILSVRC2012_val_00045362,n01698640 2 163 272 308 n01698640 1 88 462 255 ,n01698640
ILSVRC2012_val_00043422,n01704323 155 107 498 498 ,n01704323
ILSVRC2012_val_00035167,n01728572 168 35 359 218 ,n01728572
ILSVRC2012_val_00046516,n01728920 145 138 499 194 ,n01728920
ILSVRC2012_val_00013117,n01729322 86 44 396 313 ,n01729322
ILSVRC2012_val_00015069,n01729977 214 143 499 309 ,n01729977
ILSVRC2012_val_00008534,n01734418 1 29 499 334 ,n01734418
ILSVRC2012_val_00003286,n01735189 0 42 499 295 ,n01735189
ILSVRC2012_val_00043805,n01737021 0 91 376 294 ,n01737021
ILSVRC2012_val_00005262,n01739381 116 119 483 374 ,n01739381
ILSVRC2012_val_00043843,n01740131 0 74 453 374 ,n01740131
ILSVRC2012_val_00035425,n01742172 43 2 498 282 ,n01742172
ILSVRC2012_val_00007220,n01744401 1 1 499 373 ,n01744401
ILSVRC2012_val_00021130,n01748264 194 207 264 286 ,n01748264
ILSVRC2012_val_00046039,n01749939 134 1 364 244 ,n01749939
ILSVRC2012_val_00021916,n01751748 375 151 499 334 ,n01751748
ILSVRC2012_val_00016066,n01753488 68 50 220 145 ,n01753488
ILSVRC2012_val_00038068,n01755581 1 111 499 268 ,n01755581
ILSVRC2012_val_00006690,n01756291 252 75 366 192 ,n01756291
ILSVRC2012_val_00020236,n01768244 30 106 167 253 n01768244 175 133 312 251 n01768244 275 40 442 198 ,n01768244
ILSVRC2012_val_00012828,n01770081 2 38 499 373 ,n01770081
ILSVRC2012_val_00042281,n01770393 60 97 271 365 ,n01770393
ILSVRC2012_val_00004118,n01773157 22 22 406 543 ,n01773157
ILSVRC2012_val_00029496,n01773549 152 28 408 339 ,n01773549
ILSVRC2012_val_00019968,n01773797 126 25 390 414 ,n01773797
ILSVRC2012_val_00017682,n01774384 27 65 481 342 ,n01774384
ILSVRC2012_val_00007951,n01774750 57 59 440 375 ,n01774750
ILSVRC2012_val_00042578,n01775062 75 197 1010 613 ,n01775062
ILSVRC2012_val_00021337,n01776313 5 2 243 174 ,n01776313
ILSVRC2012_val_00016866,n01784675 251 159 288 242 ,n01784675
ILSVRC2012_val_00001136,n01795545 209 67 335 263 n01795545 154 84 267 249 ,n01795545
ILSVRC2012_val_00031432,n01796340 105 112 466 462 ,n01796340
ILSVRC2012_val_00037408,n01797886 110 127 431 294 ,n01797886
ILSVRC2012_val_00040261,n01798484 26 48 367 365 ,n01798484
ILSVRC2012_val_00025543,n01806143 66 55 438 300 ,n01806143
ILSVRC2012_val_00043990,n01806567 198 87 378 385 ,n01806567
ILSVRC2012_val_00003676,n01807496 41 110 303 472 ,n01807496
ILSVRC2012_val_00002791,n01817953 35 344 334 477 n01817953 75 45 349 151 ,n01817953
ILSVRC2012_val_00032473,n01818515 337 23 467 403 n01818515 17 122 169 403 ,n01818515
ILSVRC2012_val_00044363,n01819313 105 51 393 261 ,n01819313
ILSVRC2012_val_00010258,n01820546 55 80 226 374 ,n01820546
ILSVRC2012_val_00000370,n01824575 186 63 406 391 ,n01824575
ILSVRC2012_val_00011237,n01828970 59 98 387 451 ,n01828970
ILSVRC2012_val_00043635,n01829413 165 72 221 286 n01829413 215 76 283 216 ,n01829413
ILSVRC2012_val_00030431,n01833805 86 35 480 294 ,n01833805
ILSVRC2012_val_00006372,n01843065 65 80 335 492 ,n01843065
ILSVRC2012_val_00025371,n01843383 215 165 434 323 ,n01843383
ILSVRC2012_val_00048252,n01847000 25 197 352 292 ,n01847000
ILSVRC2012_val_00042586,n01855032 159 58 356 246 n01855032 204 67 405 229 ,n01855032
ILSVRC2012_val_00016195,n01855672 0 85 493 282 ,n01855672
ILSVRC2012_val_00038126,n01860187 301 118 470 286 n01860187 0 169 112 350 n01860187 155 190 213 242 n01860187 307 281 410 322 n01860187 226 184 309 230 n01860187 253 226 317 275 ,n01860187
ILSVRC2012_val_00000754,n01871265 0 7 273 361 n01871265 411 119 499 265 n01871265 390 145 440 213 n01871265 226 143 275 254 ,n01871265
ILSVRC2012_val_00003827,n01872401 168 111 381 247 ,n01872401
ILSVRC2012_val_00008907,n01873310 107 65 330 226 ,n01873310
ILSVRC2012_val_00019977,n01877812 236 151 264 200 ,n01877812
ILSVRC2012_val_00046073,n01882714 80 46 291 427 ,n01882714
ILSVRC2012_val_00035312,n01883070 68 120 243 256 ,n01883070
ILSVRC2012_val_00014456,n01910747 205 97 233 130 n01910747 104 87 120 111 n01910747 155 165 176 185 n01910747 51 297 67 314 n01910747 167 193 183 211 n01910747 250 301 272 321 n01910747 108 112 121 126 n01910747 369 276 390 293 n01910747 113 137 131 158 n01910747 10 234 28 251 n01910747 71 241 86 253 n01910747 61 209 80 226 n01910747 136 194 158 221 n01910747 169 139 180 151 n01910747 47 260 65 271 n01910747 97 229 121 256 n01910747 141 139 159 157 n01910747 194 74 212 89 n01910747 127 78 145 96 ,n01910747
ILSVRC2012_val_00015587,n01914609 58 57 320 441 ,n01914609
ILSVRC2012_val_00047014,n01917289 0 3 499 374 ,n01917289
ILSVRC2012_val_00032764,n01924916 168 121 416 303 ,n01924916
ILSVRC2012_val_00015650,n01930112 0 40 375 356 ,n01930112
ILSVRC2012_val_00037632,n01943899 6 61 449 333 ,n01943899
ILSVRC2012_val_00038059,n01944390 70 36 467 269 ,n01944390
ILSVRC2012_val_00029563,n01945685 0 95 499 374 ,n01945685
ILSVRC2012_val_00008160,n01950731 132 88 354 417 ,n01950731
ILSVRC2012_val_00026037,n01955084 180 25 320 171 ,n01955084
ILSVRC2012_val_00041975,n01968897 96 132 208 255 n01968897 292 221 418 332 n01968897 232 40 350 159 ,n01968897
ILSVRC2012_val_00018961,n01978287 37 7 448 365 ,n01978287
ILSVRC2012_val_00014921,n01978455 104 132 358 256 ,n01978455
ILSVRC2012_val_00026115,n01980166 317 331 812 714 ,n01980166
ILSVRC2012_val_00023264,n01981276 0 0 499 374 ,n01981276
ILSVRC2012_val_00016947,n01983481 47 53 509 371 ,n01983481
ILSVRC2012_val_00034702,n01984695 2 80 428 390 ,n01984695
ILSVRC2012_val_00033188,n01985128 70 61 498 344 ,n01985128
ILSVRC2012_val_00031408,n01986214 268 140 463 277 n01986214 51 138 215 270 ,n01986214
ILSVRC2012_val_00043167,n01990800 209 174 288 217 ,n01990800
ILSVRC2012_val_00028890,n02002556 75 112 417 379 ,n02002556
ILSVRC2012_val_00001068,n02002724 77 95 268 436 ,n02002724
ILSVRC2012_val_00017069,n02006656 29 33 447 484 ,n02006656
ILSVRC2012_val_00019951,n02007558 156 104 392 354 ,n02007558
ILSVRC2012_val_00003659,n02009229 63 28 198 171 ,n02009229
ILSVRC2012_val_00048877,n02009912 40 45 458 297 ,n02009912
ILSVRC2012_val_00008929,n02011460 118 53 228 488 ,n02011460
ILSVRC2012_val_00011177,n02012849 25 66 461 339 ,n02012849
ILSVRC2012_val_00003053,n02013706 237 65 397 391 ,n02013706
ILSVRC2012_val_00030662,n02017213 297 144 438 369 ,n02017213
ILSVRC2012_val_00006231,n02018207 101 85 220 236 ,n02018207
ILSVRC2012_val_00001073,n02018795 141 142 367 321 ,n02018795
ILSVRC2012_val_00026595,n02025239 193 134 409 286 n02025239 52 169 236 313 n02025239 104 0 231 72 ,n02025239
ILSVRC2012_val_00007668,n02027492 13 81 425 338 ,n02027492
ILSVRC2012_val_00018043,n02028035 6 96 367 442 ,n02028035
ILSVRC2012_val_00035563,n02033041 200 51 299 337 n02033041 57 62 286 320 ,n02033041
ILSVRC2012_val_00041535,n02037110 70 140 243 291 ,n02037110
ILSVRC2012_val_00003153,n02051845 58 28 357 328 ,n02051845
ILSVRC2012_val_00037825,n02056570 55 47 152 232 n02056570 157 52 232 215 ,n02056570
ILSVRC2012_val_00000207,n02058221 96 176 282 381 ,n02058221
ILSVRC2012_val_00018438,n02066245 82 138 393 248 ,n02066245
ILSVRC2012_val_00042590,n02071294 0 19 411 333 ,n02071294
ILSVRC2012_val_00028666,n02074367 0 1 325 374 ,n02074367
ILSVRC2012_val_00026339,n02077923 69 58 329 275 n02077923 64 62 339 286 ,n02077923
ILSVRC2012_val_00020016,n02085620 112 46 416 374 ,n02085620
ILSVRC2012_val_00003953,n02085782 158 59 426 311 ,n02085782
ILSVRC2012_val_00018695,n02085936 83 60 308 374 ,n02085936
ILSVRC2012_val_00045155,n02086079 6 36 434 361 n02086079 0 1 111 115 ,n02086079
ILSVRC2012_val_00022091,n02086240 157 4 468 334 ,n02086240
ILSVRC2012_val_00009439,n02086646 42 62 363 451 ,n02086646
ILSVRC2012_val_00004073,n02086910 240 206 471 327 n02086910 21 123 272 292 ,n02086910
ILSVRC2012_val_00029090,n02087046 57 86 434 374 ,n02087046
ILSVRC2012_val_00035893,n02087394 0 33 499 374 ,n02087394
ILSVRC2012_val_00005507,n02088094 225 131 498 428 ,n02088094
ILSVRC2012_val_00017935,n02088238 105 62 304 382 ,n02088238
ILSVRC2012_val_00011719,n02088364 45 20 465 436 ,n02088364
ILSVRC2012_val_00039540,n02088466 1 27 445 374 ,n02088466
ILSVRC2012_val_00039010,n02088632 93 94 428 342 ,n02088632
ILSVRC2012_val_00041629,n02089078 1 88 409 428 ,n02089078
ILSVRC2012_val_00045565,n02089867 178 77 472 359 ,n02089867
ILSVRC2012_val_00034690,n02089973 11 20 489 354 ,n02089973
ILSVRC2012_val_00033094,n02090379 0 20 333 448 ,n02090379
ILSVRC2012_val_00047707,n02090622 66 114 401 538 ,n02090622
ILSVRC2012_val_00017787,n02090721 13 339 868 598 ,n02090721
ILSVRC2012_val_00004231,n02091032 80 57 487 374 ,n02091032
ILSVRC2012_val_00001846,n02091134 86 33 448 498 ,n02091134
ILSVRC2012_val_00030539,n02091244 71 40 498 469 ,n02091244
ILSVRC2012_val_00024649,n02091467 118 13 403 289 ,n02091467
ILSVRC2012_val_00034121,n02091635 1 168 425 600 ,n02091635
ILSVRC2012_val_00015425,n02091831 48 15 356 616 ,n02091831
ILSVRC2012_val_00031814,n02092002 1 55 401 372 n02092002 186 0 421 227 ,n02092002
ILSVRC2012_val_00031532,n02092339 262 19 496 399 n02092339 6 43 263 396 ,n02092339
ILSVRC2012_val_00001844,n02093256 35 17 233 296 n02093256 233 55 429 376 ,n02093256
ILSVRC2012_val_00014719,n02093428 86 52 477 340 ,n02093428
ILSVRC2012_val_00003269,n02093647 238 118 498 278 n02093647 7 105 235 258 ,n02093647
ILSVRC2012_val_00014225,n02093754 3 96 354 335 ,n02093754
ILSVRC2012_val_00027743,n02093859 21 32 371 353 ,n02093859
ILSVRC2012_val_00006531,n02093991 234 44 427 355 n02093991 47 30 266 310 ,n02093991
ILSVRC2012_val_00038328,n02094114 82 92 311 307 ,n02094114
ILSVRC2012_val_00043261,n02094258 1 102 316 343 ,n02094258
ILSVRC2012_val_00036254,n02094433 287 162 371 309 ,n02094433
ILSVRC2012_val_00031713,n02095314 351 155 471 324 n02095314 36 154 152 301 n02095314 158 124 192 192 ,n02095314
ILSVRC2012_val_00036793,n02095570 1 1 279 231 ,n02095570
ILSVRC2012_val_00037272,n02095889 210 40 393 188 ,n02095889
ILSVRC2012_val_00039147,n02096051 49 31 499 346 ,n02096051
ILSVRC2012_val_00037972,n02096177 119 130 379 373 ,n02096177
ILSVRC2012_val_00042022,n02096294 99 72 305 398 ,n02096294
ILSVRC2012_val_00019040,n02096437 0 0 498 419 ,n02096437
ILSVRC2012_val_00045047,n02096585 157 72 379 374 ,n02096585
ILSVRC2012_val_00016540,n02097047 171 53 499 374 ,n02097047
ILSVRC2012_val_00045665,n02097130 175 78 313 250 ,n02097130
ILSVRC2012_val_00022042,n02097209 0 0 499 374 ,n02097209
ILSVRC2012_val_00012364,n02097298 30 48 364 365 n02097298 1 187 259 374 ,n02097298
ILSVRC2012_val_00038294,n02097474 139 31 353 374 ,n02097474
ILSVRC2012_val_00005174,n02097658 33 25 493 361 ,n02097658
ILSVRC2012_val_00012004,n02098105 257 94 499 323 n02098105 0 79 255 332 ,n02098105
ILSVRC2012_val_00040114,n02098286 264 101 498 361 ,n02098286
ILSVRC2012_val_00049558,n02098413 163 83 499 311 ,n02098413
ILSVRC2012_val_00045963,n02099267 127 118 298 315 ,n02099267
ILSVRC2012_val_00036808,n02099429 193 14 487 294 ,n02099429
ILSVRC2012_val_00031731,n02099601 3 276 185 498 ,n02099601
ILSVRC2012_val_00014270,n02099712 12 13 398 498 ,n02099712
ILSVRC2012_val_00041137,n02099849 20 30 454 324 ,n02099849
ILSVRC2012_val_00010533,n02100236 447 168 1596 1194 ,n02100236
ILSVRC2012_val_00027038,n02100583 236 69 463 266 n02100583 0 154 271 374 ,n02100583
ILSVRC2012_val_00032066,n02100735 272 193 660 648 ,n02100735
ILSVRC2012_val_00029929,n02100877 102 43 499 374 ,n02100877
ILSVRC2012_val_00024973,n02101006 251 133 471 374 n02101006 78 78 247 374 ,n02101006
ILSVRC2012_val_00015176,n02101388 78 34 360 374 ,n02101388
ILSVRC2012_val_00000643,n02101556 83 52 339 281 ,n02101556
ILSVRC2012_val_00008162,n02102040 33 0 283 461 ,n02102040
ILSVRC2012_val_00047049,n02102177 1 16 471 391 ,n02102177
ILSVRC2012_val_00001663,n02102318 0 50 366 498 ,n02102318
ILSVRC2012_val_00002303,n02102480 147 173 344 284 ,n02102480
ILSVRC2012_val_00020128,n02102973 108 36 271 471 ,n02102973
ILSVRC2012_val_00019060,n02104029 46 21 499 374 ,n02104029
ILSVRC2012_val_00042768,n02104365 251 96 328 217 ,n02104365
ILSVRC2012_val_00035891,n02105056 86 1 383 335 ,n02105056
ILSVRC2012_val_00036147,n02105162 128 53 415 307 ,n02105162
ILSVRC2012_val_00027053,n02105251 0 48 471 329 ,n02105251
ILSVRC2012_val_00002940,n02105412 128 198 373 498 n02105412 2 16 373 391 ,n02105412
ILSVRC2012_val_00023603,n02105505 4 94 361 373 ,n02105505
ILSVRC2012_val_00005390,n02105641 0 10 332 233 ,n02105641
ILSVRC2012_val_00045056,n02105855 241 104 471 277 ,n02105855
ILSVRC2012_val_00021226,n02106030 0 101 262 374 n02106030 138 79 371 245 ,n02106030
ILSVRC2012_val_00004766,n02106166 94 97 444 495 ,n02106166
ILSVRC2012_val_00030482,n02106382 163 213 299 383 ,n02106382
ILSVRC2012_val_00047499,n02106550 38 11 481 374 ,n02106550
ILSVRC2012_val_00002012,n02106662 202 137 432 315 ,n02106662
ILSVRC2012_val_00043835,n02107142 153 63 376 336 ,n02107142
ILSVRC2012_val_00046399,n02107312 8 33 345 310 ,n02107312
ILSVRC2012_val_00006824,n02107574 0 198 412 432 n02107574 13 137 292 275 ,n02107574
ILSVRC2012_val_00034495,n02107683 177 280 291 475 n02107683 103 260 181 443 ,n02107683
ILSVRC2012_val_00036796,n02107908 47 117 261 395 ,n02107908
ILSVRC2012_val_00002277,n02108000 113 105 492 257 ,n02108000
ILSVRC2012_val_00017434,n02108089 105 32 457 495 n02108089 0 411 167 498 ,n02108089
ILSVRC2012_val_00043641,n02108422 141 41 499 374 ,n02108422
ILSVRC2012_val_00042391,n02108551 2 10 440 498 ,n02108551
ILSVRC2012_val_00027220,n02108915 25 92 239 279 n02108915 191 86 488 328 ,n02108915
ILSVRC2012_val_00017636,n02109047 13 40 318 498 ,n02109047
ILSVRC2012_val_00033703,n02109525 134 47 424 458 ,n02109525
ILSVRC2012_val_00029190,n02109961 272 39 362 321 n02109961 67 152 175 364 ,n02109961
ILSVRC2012_val_00042409,n02110063 17 87 373 497 ,n02110063
ILSVRC2012_val_00048830,n02110185 1 12 328 413 ,n02110185
ILSVRC2012_val_00023620,n02110341 67 2 373 433 ,n02110341
ILSVRC2012_val_00006545,n02110627 4 3 94 99 ,n02110627
ILSVRC2012_val_00034075,n02110806 75 0 498 498 ,n02110806
ILSVRC2012_val_00024642,n02110958 69 101 245 325 n02110958 208 92 434 303 ,n02110958
ILSVRC2012_val_00017151,n02111129 32 3 473 422 n02111129 324 142 459 314 ,n02111129
ILSVRC2012_val_00012380,n02111277 8 13 358 488 ,n02111277
ILSVRC2012_val_00003794,n02111500 126 134 470 374 n02111500 93 91 202 206 ,n02111500
ILSVRC2012_val_00038604,n02111889 128 105 401 375 ,n02111889
ILSVRC2012_val_00014710,n02112018 75 1 494 374 ,n02112018
ILSVRC2012_val_00003696,n02112137 0 34 422 370 ,n02112137
ILSVRC2012_val_00018701,n02112350 217 3 499 356 n02112350 8 4 358 356 n02112350 9 74 222 353 ,n02112350
ILSVRC2012_val_00034893,n02112706 82 130 682 691 ,n02112706
ILSVRC2012_val_00045068,n02113023 169 148 308 280 ,n02113023
ILSVRC2012_val_00001686,n02113186 117 57 305 427 ,n02113186
ILSVRC2012_val_00046823,n02113624 0 0 498 401 ,n02113624
ILSVRC2012_val_00028246,n02113712 48 26 342 485 ,n02113712
ILSVRC2012_val_00000399,n02113799 104 0 492 439 ,n02113799
ILSVRC2012_val_00028908,n02113978 255 45 448 309 n02113978 84 186 355 397 n02113978 30 12 264 273 ,n02113978
ILSVRC2012_val_00037118,n02114367 111 43 477 290 ,n02114367
ILSVRC2012_val_00046088,n02114548 110 38 499 317 ,n02114548
ILSVRC2012_val_00018735,n02114712 14 15 529 358 ,n02114712
ILSVRC2012_val_00029186,n02114855 188 118 498 335 ,n02114855
ILSVRC2012_val_00039177,n02115641 170 40 368 353 ,n02115641
ILSVRC2012_val_00015330,n02115913 1 3 357 498 ,n02115913
ILSVRC2012_val_00041220,n02116738 117 71 375 314 ,n02116738
ILSVRC2012_val_00041142,n02117135 72 45 318 256 ,n02117135
ILSVRC2012_val_00020790,n02119022 77 83 477 214 n02119022 75 134 278 265 n02119022 81 161 276 292 ,n02119022
ILSVRC2012_val_00024529,n02119789 99 36 381 273 ,n02119789
ILSVRC2012_val_00039554,n02120079 0 74 392 374 ,n02120079
ILSVRC2012_val_00034996,n02120505 21 42 165 132 ,n02120505
ILSVRC2012_val_00044027,n02123045 0 70 482 294 ,n02123045
ILSVRC2012_val_00019303,n02123159 125 247 244 379 n02123159 0 241 125 379 n02123159 1 0 235 240 ,n02123159
ILSVRC2012_val_00044097,n02123394 4 0 146 176 ,n02123394
ILSVRC2012_val_00045829,n02123597 233 0 499 332 ,n02123597
ILSVRC2012_val_00000709,n02124075 20 60 353 451 ,n02124075
ILSVRC2012_val_00027069,n02125311 13 76 270 296 n02125311 102 211 331 330 ,n02125311
ILSVRC2012_val_00016118,n02127052 52 48 150 248 ,n02127052
ILSVRC2012_val_00012399,n02128385 33 67 487 413 ,n02128385
ILSVRC2012_val_00040972,n02128757 85 77 300 268 ,n02128757
ILSVRC2012_val_00007232,n02128925 135 106 526 367 n02128925 0 106 420 267 ,n02128925
ILSVRC2012_val_00029001,n02129165 2 31 226 214 n02129165 153 140 349 201 ,n02129165
ILSVRC2012_val_00002601,n02129604 0 1 143 139 ,n02129604
ILSVRC2012_val_00009133,n02130308 0 46 585 871 n02130308 793 144 1091 661 n02130308 988 208 1242 689 n02130308 477 232 804 707 n02130308 479 131 705 494 ,n02130308
ILSVRC2012_val_00046763,n02132136 146 87 633 394 ,n02132136
ILSVRC2012_val_00000592,n02133161 244 136 357 284 ,n02133161
ILSVRC2012_val_00047527,n02134084 0 8 299 209 ,n02134084
ILSVRC2012_val_00042361,n02134418 52 4 698 569 ,n02134418
ILSVRC2012_val_00023662,n02137549 175 84 328 272 ,n02137549
ILSVRC2012_val_00021855,n02138441 58 36 464 411 ,n02138441
ILSVRC2012_val_00003852,n02165105 0 0 403 332 ,n02165105
ILSVRC2012_val_00024572,n02165456 17 27 354 405 ,n02165456
ILSVRC2012_val_00003440,n02167151 6 28 362 627 ,n02167151
ILSVRC2012_val_00029410,n02168699 2 3 432 466 ,n02168699
ILSVRC2012_val_00007549,n02169497 22 4 392 279 ,n02169497
ILSVRC2012_val_00029442,n02172182 216 26 456 396 ,n02172182
ILSVRC2012_val_00044390,n02174001 135 48 332 337 ,n02174001
ILSVRC2012_val_00047065,n02177972 104 114 340 316 ,n02177972
ILSVRC2012_val_00034895,n02190166 109 27 427 352 ,n02190166
ILSVRC2012_val_00020564,n02206856 257 215 402 346 ,n02206856
ILSVRC2012_val_00031237,n02219486 201 291 419 410 ,n02219486
ILSVRC2012_val_00038662,n02226429 229 191 430 342 ,n02226429
ILSVRC2012_val_00028270,n02229544 178 46 362 280 ,n02229544
ILSVRC2012_val_00010292,n02231487 21 64 498 324 ,n02231487
ILSVRC2012_val_00010774,n02233338 239 157 342 242 ,n02233338
ILSVRC2012_val_00023230,n02236044 73 85 399 327 ,n02236044
ILSVRC2012_val_00038090,n02256656 118 69 342 197 n02256656 5 69 127 137 ,n02256656
ILSVRC2012_val_00011535,n02259212 292 95 396 217 ,n02259212
ILSVRC2012_val_00029539,n02264363 79 98 476 297 ,n02264363
ILSVRC2012_val_00043136,n02268443 53 38 383 461 ,n02268443
ILSVRC2012_val_00001842,n02268853 54 26 359 133 n02268853 146 80 364 366 ,n02268853
ILSVRC2012_val_00028372,n02276258 62 55 342 220 ,n02276258
ILSVRC2012_val_00029047,n02277742 91 30 408 309 ,n02277742
ILSVRC2012_val_00012137,n02279972 61 83 455 347 ,n02279972
ILSVRC2012_val_00028366,n02280649 91 146 220 412 ,n02280649
ILSVRC2012_val_00045771,n02281406 184 135 266 203 ,n02281406
ILSVRC2012_val_00045620,n02281787 437 78 759 430 ,n02281787
ILSVRC2012_val_00011730,n02317335 108 134 387 372 ,n02317335
ILSVRC2012_val_00044777,n02319095 135 51 383 273 ,n02319095
ILSVRC2012_val_00029107,n02321529 115 47 337 278 ,n02321529
ILSVRC2012_val_00041946,n02325366 49 7 297 259 ,n02325366
ILSVRC2012_val_00022780,n02326432 66 45 182 265 ,n02326432
ILSVRC2012_val_00015997,n02328150 107 18 366 283 ,n02328150
ILSVRC2012_val_00006185,n02342885 87 56 452 450 ,n02342885
ILSVRC2012_val_00005243,n02346627 46 0 499 311 ,n02346627
ILSVRC2012_val_00036710,n02356798 185 126 309 204 ,n02356798
ILSVRC2012_val_00006898,n02361337 32 180 345 397 ,n02361337
ILSVRC2012_val_00018422,n02363005 192 118 390 332 ,n02363005
ILSVRC2012_val_00046562,n02364673 160 88 352 299 ,n02364673
ILSVRC2012_val_00029082,n02389026 164 82 499 332 n02389026 57 27 303 246 ,n02389026
ILSVRC2012_val_00043935,n02391049 222 39 385 245 n02391049 303 58 424 228 ,n02391049
ILSVRC2012_val_00029653,n02395406 24 110 271 336 ,n02395406
ILSVRC2012_val_00009551,n02396427 8 25 370 290 ,n02396427
ILSVRC2012_val_00037303,n02397096 8 35 280 332 n02397096 261 59 495 328 ,n02397096
ILSVRC2012_val_00039400,n02398521 21 51 499 278 ,n02398521
ILSVRC2012_val_00038286,n02403003 45 115 405 311 ,n02403003
ILSVRC2012_val_00005454,n02408429 26 67 344 274 ,n02408429
ILSVRC2012_val_00020346,n02410509 1 98 168 374 n02410509 299 161 421 336 n02410509 85 77 314 374 ,n02410509
ILSVRC2012_val_00036891,n02412080 55 76 296 421 ,n02412080
ILSVRC2012_val_00049043,n02415577 76 31 403 313 ,n02415577
ILSVRC2012_val_00032467,n02417914 45 153 308 375 ,n02417914
ILSVRC2012_val_00003482,n02422106 0 56 376 498 ,n02422106
ILSVRC2012_val_00003871,n02422699 156 175 209 321 ,n02422699
ILSVRC2012_val_00013750,n02423022 94 123 212 297 n02423022 246 110 316 221 n02423022 280 129 482 306 n02423022 42 92 90 183 n02423022 118 119 162 180 n02423022 261 81 309 112 n02423022 82 97 116 145 n02423022 4 69 40 100 n02423022 203 84 221 107 ,n02423022
ILSVRC2012_val_00027955,n02437312 246 129 437 273 n02437312 130 136 177 169 n02437312 2 113 39 162 n02437312 41 127 61 157 ,n02437312
ILSVRC2012_val_00029566,n02437616 57 92 355 311 ,n02437616
ILSVRC2012_val_00009986,n02441942 0 17 195 328 ,n02441942
ILSVRC2012_val_00041633,n02442845 0 54 351 375 ,n02442845
ILSVRC2012_val_00002339,n02443114 86 7 143 109 ,n02443114
ILSVRC2012_val_00001791,n02443484 23 153 287 343 n02443484 229 83 394 334 n02443484 224 81 460 339 ,n02443484
ILSVRC2012_val_00042779,n02444819 254 100 397 216 n02444819 376 147 469 239 ,n02444819
ILSVRC2012_val_00045193,n02445715 123 168 218 353 ,n02445715
ILSVRC2012_val_00036141,n02447366 58 78 185 152 n02447366 2 76 63 137 ,n02447366
ILSVRC2012_val_00038758,n02454379 0 99 352 302 ,n02454379
ILSVRC2012_val_00024501,n02457408 63 11 461 323 ,n02457408
ILSVRC2012_val_00035901,n02480495 43 9 179 148 ,n02480495
ILSVRC2012_val_00016173,n02480855 0 68 295 448 n02480855 427 200 448 217 ,n02480855
ILSVRC2012_val_00046703,n02481823 0 3 508 638 ,n02481823
ILSVRC2012_val_00004753,n02483362 23 11 132 190 ,n02483362
ILSVRC2012_val_00036823,n02483708 20 21 154 192 ,n02483708
ILSVRC2012_val_00000695,n02484975 157 42 352 332 ,n02484975
ILSVRC2012_val_00010854,n02486261 105 101 322 221 n02486261 447 268 518 421 n02486261 508 271 678 401 ,n02486261
ILSVRC2012_val_00044305,n02486410 9 83 354 513 ,n02486410
ILSVRC2012_val_00029161,n02487347 129 55 225 207 ,n02487347
ILSVRC2012_val_00018175,n02488291 31 25 84 145 ,n02488291
ILSVRC2012_val_00010182,n02488702 385 140 637 410 n02488702 81 27 388 409 n02488702 202 282 314 390 ,n02488702
ILSVRC2012_val_00042933,n02489166 18 15 266 319 n02489166 291 109 483 331 n02489166 23 18 253 307 n02489166 276 30 457 257 ,n02489166
ILSVRC2012_val_00044827,n02490219 25 34 1170 797 ,n02490219
ILSVRC2012_val_00035531,n02492035 214 118 495 356 n02492035 53 86 156 250 ,n02492035
ILSVRC2012_val_00009511,n02492660 118 76 386 644 ,n02492660
ILSVRC2012_val_00029108,n02493509 8 105 142 332 n02493509 94 64 305 288 ,n02493509
ILSVRC2012_val_00011032,n02493793 242 132 392 266 ,n02493793
ILSVRC2012_val_00037738,n02494079 565 195 2810 2106 ,n02494079
ILSVRC2012_val_00038757,n02497673 336 35 473 404 n02497673 35 27 254 190 n02497673 22 16 335 315 ,n02497673
ILSVRC2012_val_00032005,n02500267 11 66 269 457 ,n02500267
ILSVRC2012_val_00022028,n02504013 53 0 238 178 n02504013 0 75 198 178 ,n02504013
ILSVRC2012_val_00010078,n02504458 205 236 376 435 n02504458 724 297 847 381 ,n02504458
ILSVRC2012_val_00036330,n02509815 133 6 499 374 ,n02509815
ILSVRC2012_val_00038969,n02510455 67 61 469 324 ,n02510455
ILSVRC2012_val_00012177,n02514041 63 193 170 602 ,n02514041
ILSVRC2012_val_00040279,n02526121 189 146 467 292 ,n02526121
ILSVRC2012_val_00040440,n02536864 153 154 354 234 ,n02536864
ILSVRC2012_val_00001189,n02606052 220 428 1196 1228 ,n02606052
ILSVRC2012_val_00039839,n02607072 290 276 436 407 ,n02607072
ILSVRC2012_val_00001436,n02640242 161 143 464 260 ,n02640242
ILSVRC2012_val_00034354,n02641379 27 109 466 240 n02641379 329 205 489 235 ,n02641379
ILSVRC2012_val_00046626,n02643566 105 51 397 272 ,n02643566
ILSVRC2012_val_00014195,n02655020 3 2 470 354 ,n02655020
ILSVRC2012_val_00047040,n02666196 0 211 485 648 ,n02666196
ILSVRC2012_val_00046869,n02667093 0 0 415 615 ,n02667093
ILSVRC2012_val_00046320,n02669723 43 179 419 498 ,n02669723
ILSVRC2012_val_00006152,n02672831 114 1 498 331 ,n02672831
ILSVRC2012_val_00048632,n02676566 41 161 461 337 ,n02676566
ILSVRC2012_val_00011405,n02687172 271 166 495 219 n02687172 0 153 102 232 n02687172 152 164 219 210 ,n02687172
ILSVRC2012_val_00033920,n02690373 6 69 495 233 ,n02690373
ILSVRC2012_val_00032806,n02692877 57 113 235 180 ,n02692877
ILSVRC2012_val_00046983,n02699494 0 0 355 498 ,n02699494
ILSVRC2012_val_00001916,n02701002 49 17 472 328 ,n02701002
ILSVRC2012_val_00019300,n02704792 60 52 445 412 ,n02704792
ILSVRC2012_val_00041613,n02708093 204 40 396 241 n02708093 10 30 191 217 ,n02708093
ILSVRC2012_val_00039440,n02727426 73 197 316 468 n02727426 218 287 373 498 n02727426 1 80 161 317 ,n02727426
ILSVRC2012_val_00042510,n02730930 70 128 201 406 ,n02730930
ILSVRC2012_val_00007993,n02747177 35 16 332 310 ,n02747177
ILSVRC2012_val_00011376,n02749479 298 150 437 293 n02749479 126 251 294 356 n02749479 295 65 339 98 n02749479 218 108 256 154 n02749479 395 41 416 71 n02749479 327 52 364 86 n02749479 140 204 239 274 n02749479 418 39 436 70 n02749479 201 82 216 100 n02749479 97 296 185 356 ,n02749479
ILSVRC2012_val_00022297,n02769748 292 286 440 480 ,n02769748
ILSVRC2012_val_00005729,n02776631 238 302 303 350 n02776631 128 271 175 313 ,n02776631
ILSVRC2012_val_00015457,n02777292 0 448 398 498 ,n02777292
ILSVRC2012_val_00025777,n02782093 330 1 499 164 ,n02782093
ILSVRC2012_val_00035505,n02783161 37 159 457 226 ,n02783161
ILSVRC2012_val_00015343,n02786058 203 110 282 198 ,n02786058
ILSVRC2012_val_00017811,n02787622 56 185 265 310 ,n02787622
ILSVRC2012_val_00049098,n02788148 57 59 638 497 ,n02788148
ILSVRC2012_val_00011974,n02790996 73 78 352 256 ,n02790996
ILSVRC2012_val_00000759,n02791124 115 325 336 498 ,n02791124
ILSVRC2012_val_00008235,n02791270 22 0 499 372 ,n02791270
ILSVRC2012_val_00016718,n02793495 114 106 447 261 ,n02793495
ILSVRC2012_val_00014876,n02794156 0 16 499 332 ,n02794156
ILSVRC2012_val_00025231,n02795169 0 0 449 292 ,n02795169
ILSVRC2012_val_00023355,n02797295 80 259 377 464 ,n02797295
ILSVRC2012_val_00017095,n02799071 32 28 485 371 ,n02799071
ILSVRC2012_val_00031833,n02802426 195 103 234 143 ,n02802426
ILSVRC2012_val_00043478,n02804414 48 0 356 498 ,n02804414
ILSVRC2012_val_00014826,n02804610 68 171 168 498 n02804610 67 177 125 497 n02804610 242 130 332 263 ,n02804610
ILSVRC2012_val_00026636,n02807133 227 78 327 169 ,n02807133
ILSVRC2012_val_00004179,n02808304 37 19 459 374 n02808304 0 0 143 169 ,n02808304
ILSVRC2012_val_00038234,n02808440 8 23 499 295 ,n02808440
ILSVRC2012_val_00006220,n02814533 50 53 453 292 ,n02814533
ILSVRC2012_val_00009026,n02814860 111 15 221 245 ,n02814860
ILSVRC2012_val_00046614,n02815834 267 83 497 373 n02815834 80 24 308 344 ,n02815834
ILSVRC2012_val_00011026,n02817516 50 1 370 200 ,n02817516
ILSVRC2012_val_00016065,n02823428 310 1 490 259 ,n02823428
ILSVRC2012_val_00047477,n02823750 0 0 373 498 ,n02823750
ILSVRC2012_val_00006205,n02825657 136 65 203 200 ,n02825657
ILSVRC2012_val_00010541,n02834397 147 142 251 260 ,n02834397
ILSVRC2012_val_00001311,n02835271 119 163 416 295 ,n02835271
ILSVRC2012_val_00006474,n02837789 163 238 380 367 ,n02837789
ILSVRC2012_val_00022815,n02840245 22 40 335 427 n02840245 21 38 333 428 ,n02840245
ILSVRC2012_val_00046844,n02841315 117 108 423 332 n02841315 268 79 312 109 ,n02841315
ILSVRC2012_val_00011133,n02843684 7 25 340 457 ,n02843684
ILSVRC2012_val_00025892,n02859443 1 25 316 233 ,n02859443
ILSVRC2012_val_00037452,n02860847 224 108 454 287 ,n02860847
ILSVRC2012_val_00029266,n02865351 89 0 396 850 ,n02865351
ILSVRC2012_val_00033752,n02869837 83 16 357 462 ,n02869837
ILSVRC2012_val_00018286,n02870880 492 498 1581 2585 ,n02870880
ILSVRC2012_val_00017877,n02871525 416 57 498 184 n02871525 28 126 110 273 n02871525 27 13 499 294 ,n02871525
ILSVRC2012_val_00009238,n02877765 257 162 413 317 n02877765 101 144 252 295 ,n02877765
ILSVRC2012_val_00043316,n02879718 273 0 638 478 ,n02879718
ILSVRC2012_val_00028840,n02883205 105 417 277 498 ,n02883205
ILSVRC2012_val_00017464,n02892201 60 79 428 358 ,n02892201
ILSVRC2012_val_00044930,n02892767 144 298 425 454 ,n02892767
ILSVRC2012_val_00003389,n02894605 0 58 498 332 ,n02894605
ILSVRC2012_val_00037025,n02895154 75 70 427 498 ,n02895154
ILSVRC2012_val_00013061,n02906734 40 0 331 498 ,n02906734
ILSVRC2012_val_00033936,n02909870 97 138 286 415 ,n02909870
ILSVRC2012_val_00044887,n02910353 44 29 475 373 ,n02910353
ILSVRC2012_val_00007944,n02916936 44 46 558 720 ,n02916936
ILSVRC2012_val_00029707,n02917067 0 166 315 332 n02917067 215 186 383 332 ,n02917067
ILSVRC2012_val_00008136,n02927161 121 179 384 301 ,n02927161
ILSVRC2012_val_00043903,n02930766 14 32 494 374 ,n02930766
ILSVRC2012_val_00014420,n02939185 110 300 295 490 ,n02939185
ILSVRC2012_val_00007580,n02948072 225 226 278 262 n02948072 253 212 301 250 n02948072 207 219 253 249 ,n02948072
ILSVRC2012_val_00032815,n02950826 132 82 454 374 ,n02950826
ILSVRC2012_val_00013191,n02951358 94 234 138 251 n02951358 332 244 476 265 ,n02951358
ILSVRC2012_val_00005444,n02951585 35 45 690 489 ,n02951585
ILSVRC2012_val_00013921,n02963159 0 5 329 498 ,n02963159
ILSVRC2012_val_00047351,n02965783 7 0 499 342 ,n02965783
ILSVRC2012_val_00015138,n02966193 80 1 496 375 ,n02966193
ILSVRC2012_val_00008803,n02966687 111 0 383 278 ,n02966687
ILSVRC2012_val_00000019,n02971356 44 93 499 374 ,n02971356
ILSVRC2012_val_00000905,n02974003 37 0 497 374 ,n02974003
ILSVRC2012_val_00014854,n02977058 2 18 373 498 ,n02977058
ILSVRC2012_val_00014829,n02978881 145 150 386 307 ,n02978881
ILSVRC2012_val_00007226,n02979186 42 47 386 317 n02979186 367 82 478 194 ,n02979186
ILSVRC2012_val_00014642,n02980441 0 81 457 335 ,n02980441
ILSVRC2012_val_00043754,n02981792 93 157 489 313 ,n02981792
ILSVRC2012_val_00040907,n02988304 3 177 493 287 ,n02988304
ILSVRC2012_val_00006782,n02992211 168 0 388 374 ,n02992211
ILSVRC2012_val_00028116,n02992529 96 60 601 493 ,n02992529
ILSVRC2012_val_00018148,n02999410 185 52 237 318 n02999410 18 180 48 243 ,n02999410
ILSVRC2012_val_00038535,n03000134 0 227 75 374 ,n03000134
ILSVRC2012_val_00040557,n03000247 0 21 213 448 ,n03000247
ILSVRC2012_val_00026061,n03000684 111 150 193 262 ,n03000684
ILSVRC2012_val_00024442,n03014705 173 236 321 374 ,n03014705
ILSVRC2012_val_00008455,n03016953 2 2 373 498 ,n03016953
ILSVRC2012_val_00044362,n03017168 118 7 365 369 ,n03017168
ILSVRC2012_val_00021012,n03018349 7 13 373 496 ,n03018349
ILSVRC2012_val_00034047,n03026506 41 0 370 498 ,n03026506
ILSVRC2012_val_00003682,n03028079 19 13 499 374 ,n03028079
ILSVRC2012_val_00025487,n03032252 0 0 499 331 ,n03032252
ILSVRC2012_val_00027427,n03041632 142 130 162 266 ,n03041632
ILSVRC2012_val_00027258,n03042490 0 58 498 286 ,n03042490
ILSVRC2012_val_00033914,n03045698 123 70 261 460 ,n03045698
ILSVRC2012_val_00049835,n03047690 160 26 246 97 ,n03047690
ILSVRC2012_val_00004624,n03062245 74 237 174 376 n03062245 224 234 325 386 n03062245 275 30 498 417 n03062245 0 166 116 382 n03062245 124 146 274 362 ,n03062245
ILSVRC2012_val_00032778,n03063599 167 40 301 325 ,n03063599
ILSVRC2012_val_00030299,n03063689 157 112 317 292 ,n03063689
ILSVRC2012_val_00046103,n03065424 0 1 499 374 ,n03065424
ILSVRC2012_val_00007817,n03075370 1 82 498 421 ,n03075370
ILSVRC2012_val_00032810,n03085013 51 83 437 331 n03085013 203 168 270 218 ,n03085013
ILSVRC2012_val_00032233,n03089624 1 226 373 498 ,n03089624
ILSVRC2012_val_00021583,n03095699 123 89 194 157 ,n03095699
ILSVRC2012_val_00025028,n03100240 92 296 540 438 ,n03100240
ILSVRC2012_val_00025609,n03109150 34 68 307 321 ,n03109150
ILSVRC2012_val_00017037,n03110669 0 32 497 332 ,n03110669
ILSVRC2012_val_00024915,n03124043 225 156 358 408 n03124043 116 110 235 372 n03124043 5 111 120 380 ,n03124043
ILSVRC2012_val_00024741,n03124170 131 10 308 105 ,n03124170
ILSVRC2012_val_00009879,n03125729 1 5 499 370 ,n03125729
ILSVRC2012_val_00035686,n03126707 0 21 473 316 ,n03126707
ILSVRC2012_val_00038036,n03127747 42 31 322 389 ,n03127747
ILSVRC2012_val_00003971,n03127925 56 51 430 365 ,n03127925
ILSVRC2012_val_00041373,n03131574 0 52 373 497 ,n03131574
ILSVRC2012_val_00022797,n03133878 2 6 499 374 ,n03133878
ILSVRC2012_val_00031771,n03134739 173 138 287 236 ,n03134739
ILSVRC2012_val_00033873,n03141823 118 164 140 305 n03141823 143 162 172 299 ,n03141823
ILSVRC2012_val_00048405,n03146219 107 68 258 348 ,n03146219
ILSVRC2012_val_00019801,n03160309 6 57 870 673 ,n03160309
ILSVRC2012_val_00014821,n03179701 4 126 469 374 ,n03179701
ILSVRC2012_val_00004712,n03180011 7 58 332 325 n03180011 349 37 489 275 ,n03180011
ILSVRC2012_val_00034672,n03187595 18 41 360 413 ,n03187595
ILSVRC2012_val_00032769,n03188531 179 264 329 335 n03188531 146 212 275 277 ,n03188531
ILSVRC2012_val_00020409,n03196217 1 0 499 374 ,n03196217
ILSVRC2012_val_00037047,n03197337 1 0 499 358 ,n03197337
ILSVRC2012_val_00045401,n03201208 2 26 497 340 ,n03201208
ILSVRC2012_val_00044279,n03207743 39 16 436 360 ,n03207743
ILSVRC2012_val_00012714,n03207941 0 1 231 349 ,n03207941
ILSVRC2012_val_00004668,n03208938 79 120 254 293 ,n03208938
ILSVRC2012_val_00017364,n03216828 52 250 354 306 ,n03216828
ILSVRC2012_val_00040320,n03218198 4 121 499 197 n03218198 89 101 499 134 ,n03218198
ILSVRC2012_val_00035487,n03220513 171 3 338 271 ,n03220513
ILSVRC2012_val_00021082,n03223299 6 150 197 212 ,n03223299
ILSVRC2012_val_00035038,n03240683 44 55 369 478 ,n03240683
ILSVRC2012_val_00016663,n03249569 305 236 364 325 n03249569 86 257 129 322 ,n03249569
ILSVRC2012_val_00004388,n03250847 21 157 498 351 ,n03250847
ILSVRC2012_val_00046720,n03255030 237 226 277 254 ,n03255030
ILSVRC2012_val_00008696,n03259280 0 15 493 374 ,n03259280
ILSVRC2012_val_00014422,n03271574 244 486 568 731 n03271574 22 488 230 775 n03271574 74 26 424 475 ,n03271574
ILSVRC2012_val_00039867,n03272010 1 1 499 331 ,n03272010
ILSVRC2012_val_00046255,n03272562 163 77 499 254 ,n03272562
ILSVRC2012_val_00001694,n03290653 74 164 831 814 ,n03290653
ILSVRC2012_val_00034362,n03291819 28 91 460 320 ,n03291819
ILSVRC2012_val_00001837,n03297495 16 5 74 86 ,n03297495
ILSVRC2012_val_00043430,n03314780 215 83 344 244 n03314780 105 46 203 134 n03314780 47 150 115 216 n03314780 290 268 412 374 n03314780 0 174 50 250 ,n03314780
ILSVRC2012_val_00026815,n03325584 123 163 242 395 ,n03325584
ILSVRC2012_val_00036875,n03337140 58 36 323 435 n03337140 326 83 373 367 n03337140 62 245 327 435 ,n03337140
ILSVRC2012_val_00013632,n03344393 108 89 414 280 ,n03344393
ILSVRC2012_val_00047588,n03345487 46 132 463 278 n03345487 458 188 487 240 ,n03345487
ILSVRC2012_val_00024604,n03347037 860 756 1409 1381 n03347037 864 764 1417 1381 ,n03347037
ILSVRC2012_val_00041901,n03355925 6 16 161 497 ,n03355925
ILSVRC2012_val_00016025,n03372029 130 4 412 397 ,n03372029
ILSVRC2012_val_00028185,n03376595 67 77 277 436 ,n03376595
ILSVRC2012_val_00019724,n03379051 370 147 398 177 n03379051 225 140 255 172 n03379051 271 131 306 163 n03379051 310 137 336 167 n03379051 64 135 97 159 n03379051 194 126 224 153 n03379051 346 138 368 164 n03379051 212 111 243 140 n03379051 300 131 320 150 ,n03379051
ILSVRC2012_val_00042081,n03384352 41 5 344 276 ,n03384352
ILSVRC2012_val_00046635,n03388043 0 38 499 332 n03388043 0 0 499 292 ,n03388043
ILSVRC2012_val_00021816,n03388183 10 1 499 329 ,n03388183
ILSVRC2012_val_00036483,n03388549 36 1 220 199 ,n03388549
ILSVRC2012_val_00006511,n03393912 0 33 498 267 ,n03393912
ILSVRC2012_val_00022204,n03394916 212 113 302 176 n03394916 262 113 335 212 n03394916 457 131 499 192 n03394916 434 133 499 191 n03394916 120 100 150 151 ,n03394916
ILSVRC2012_val_00030273,n03400231 80 76 472 333 ,n03400231
ILSVRC2012_val_00022952,n03404251 78 54 474 772 ,n03404251
ILSVRC2012_val_00004119,n03417042 57 14 401 347 ,n03417042
ILSVRC2012_val_00029263,n03424325 12 35 386 323 ,n03424325
ILSVRC2012_val_00035211,n03425413 113 0 276 498 ,n03425413
ILSVRC2012_val_00034645,n03443371 51 57 335 470 ,n03443371
ILSVRC2012_val_00039864,n03444034 152 101 258 175 n03444034 230 80 281 117 n03444034 146 41 202 66 n03444034 261 42 313 68 ,n03444034
ILSVRC2012_val_00020502,n03445777 105 233 145 275 n03445777 155 196 171 230 n03445777 77 246 127 291 ,n03445777
ILSVRC2012_val_00007926,n03445924 189 134 299 265 ,n03445924
ILSVRC2012_val_00022701,n03447447 21 124 166 353 n03447447 17 93 295 288 n03447447 22 52 458 232 n03447447 31 23 383 85 n03447447 21 86 471 144 ,n03447447
ILSVRC2012_val_00048244,n03447721 45 28 134 138 ,n03447721
ILSVRC2012_val_00045534,n03450230 93 147 271 498 ,n03450230
ILSVRC2012_val_00002690,n03452741 20 15 446 373 ,n03452741
ILSVRC2012_val_00004988,n03457902 26 29 475 367 ,n03457902
ILSVRC2012_val_00048701,n03459775 116 313 360 437 ,n03459775
ILSVRC2012_val_00027864,n03461385 462 251 499 287 n03461385 228 51 283 83 n03461385 0 0 499 374 ,n03461385
ILSVRC2012_val_00010095,n03467068 155 54 359 287 ,n03467068
ILSVRC2012_val_00008548,n03476684 208 43 239 79 ,n03476684
ILSVRC2012_val_00046358,n03476991 38 131 142 446 n03476991 254 128 357 445 n03476991 145 132 255 446 ,n03476991
ILSVRC2012_val_00047819,n03478589 97 19 469 325 ,n03478589
ILSVRC2012_val_00024424,n03481172 405 175 480 416 n03481172 189 154 237 308 n03481172 261 202 312 366 n03481172 406 177 480 413 n03481172 141 156 178 297 n03481172 96 152 135 283 n03481172 218 186 262 307 n03481172 291 127 361 316 n03481172 246 152 292 306 ,n03481172
ILSVRC2012_val_00026425,n03482405 2 2 499 378 ,n03482405
ILSVRC2012_val_00002771,n03483316 30 88 356 438 ,n03483316
ILSVRC2012_val_00049544,n03485407 180 103 1252 903 ,n03485407
ILSVRC2012_val_00035523,n03485794 41 90 373 317 n03485794 19 18 482 335 n03485794 167 47 464 308 ,n03485794
ILSVRC2012_val_00010939,n03492542 0 28 286 306 n03492542 214 80 499 374 ,n03492542
ILSVRC2012_val_00012208,n03494278 95 142 341 302 n03494278 274 20 490 258 ,n03494278
ILSVRC2012_val_00048034,n03495258 11 189 152 498 ,n03495258
ILSVRC2012_val_00015941,n03496892 44 75 386 325 ,n03496892
ILSVRC2012_val_00047673,n03498962 96 93 153 189 ,n03498962
ILSVRC2012_val_00036560,n03527444 43 294 123 416 ,n03527444
ILSVRC2012_val_00022699,n03529860 3 1 472 365 ,n03529860
ILSVRC2012_val_00021845,n03530642 329 51 395 118 n03530642 255 49 326 119 ,n03530642
ILSVRC2012_val_00045461,n03532672 25 113 356 440 ,n03532672
ILSVRC2012_val_00031122,n03534580 122 95 324 353 ,n03534580
ILSVRC2012_val_00013546,n03535780 0 26 331 46 ,n03535780
ILSVRC2012_val_00039586,n03538406 12 53 335 455 ,n03538406
ILSVRC2012_val_00007213,n03544143 80 9 315 524 ,n03544143
ILSVRC2012_val_00037802,n03584254 2 23 354 374 ,n03584254
ILSVRC2012_val_00034648,n03584829 2 58 430 394 ,n03584829
ILSVRC2012_val_00039036,n03590841 89 85 395 352 ,n03590841
ILSVRC2012_val_00039955,n03594734 86 80 499 374 ,n03594734
ILSVRC2012_val_00033299,n03594945 35 18 482 341 ,n03594945
ILSVRC2012_val_00019855,n03595614 0 36 373 493 ,n03595614
ILSVRC2012_val_00020394,n03598930 321 302 367 324 n03598930 179 260 213 278 n03598930 95 261 127 276 n03598930 1 200 498 332 n03598930 293 255 341 268 n03598930 83 244 106 257 n03598930 30 277 63 296 ,n03598930
ILSVRC2012_val_00027524,n03599486 30 76 391 373 n03599486 0 35 36 374 n03599486 450 66 499 225 ,n03599486
ILSVRC2012_val_00022516,n03602883 89 221 253 363 n03602883 146 271 194 341 n03602883 234 283 421 354 ,n03602883
ILSVRC2012_val_00033892,n03617480 12 112 146 467 n03617480 247 116 405 465 n03617480 136 121 256 445 ,n03617480
ILSVRC2012_val_00026470,n03623198 104 393 155 466 n03623198 243 378 282 454 ,n03623198
ILSVRC2012_val_00031229,n03627232 2 166 214 326 ,n03627232
ILSVRC2012_val_00004189,n03630383 15 142 201 558 n03630383 177 102 403 496 ,n03630383
ILSVRC2012_val_00037904,n03633091 312 63 499 233 n03633091 0 96 220 255 ,n03633091
ILSVRC2012_val_00034586,n03637318 171 296 282 418 n03637318 230 183 325 276 n03637318 148 165 207 242 n03637318 38 315 92 351 n03637318 82 303 120 335 n03637318 96 400 108 416 n03637318 51 286 98 323 ,n03637318
ILSVRC2012_val_00037209,n03642806 56 59 466 395 ,n03642806
ILSVRC2012_val_00049371,n03649909 32 104 262 229 n03649909 282 92 461 213 ,n03649909
ILSVRC2012_val_00029488,n03657121 234 104 314 205 ,n03657121
ILSVRC2012_val_00039287,n03658185 28 60 358 467 ,n03658185
ILSVRC2012_val_00007239,n03661043 2 2 109 295 n03661043 144 0 248 242 ,n03661043
ILSVRC2012_val_00019275,n03662601 127 120 404 264 ,n03662601
ILSVRC2012_val_00042002,n03666591 37 36 265 498 ,n03666591
ILSVRC2012_val_00026977,n03670208 38 101 499 261 ,n03670208
ILSVRC2012_val_00007758,n03673027 11 82 492 290 ,n03673027
ILSVRC2012_val_00027437,n03676483 245 391 280 480 n03676483 25 243 68 322 n03676483 48 428 86 498 n03676483 227 228 255 305 ,n03676483
ILSVRC2012_val_00021273,n03680355 226 60 415 236 n03680355 50 42 236 221 ,n03680355
ILSVRC2012_val_00038363,n03690938 96 178 250 466 n03690938 17 100 140 346 n03690938 241 101 371 366 n03690938 118 28 268 226 ,n03690938
ILSVRC2012_val_00002577,n03691459 234 86 482 328 n03691459 237 82 480 326 n03691459 489 177 554 328 n03691459 162 170 230 328 n03691459 87 225 160 327 n03691459 561 226 649 329 n03691459 207 23 360 90 ,n03691459
ILSVRC2012_val_00003231,n03692522 79 69 427 368 ,n03692522
ILSVRC2012_val_00040573,n03697007 284 142 332 221 ,n03697007
ILSVRC2012_val_00046324,n03706229 8 0 498 447 ,n03706229
ILSVRC2012_val_00005195,n03709823 8 47 393 299 ,n03709823
ILSVRC2012_val_00010118,n03710193 169 40 338 316 ,n03710193
ILSVRC2012_val_00000117,n03710637 152 115 320 213 ,n03710637
ILSVRC2012_val_00019178,n03710721 117 111 244 345 ,n03710721
ILSVRC2012_val_00027551,n03717622 1 81 373 496 ,n03717622
ILSVRC2012_val_00024420,n03720891 57 35 320 131 n03720891 44 114 321 225 ,n03720891
ILSVRC2012_val_00022555,n03721384 28 12 477 374 ,n03721384
ILSVRC2012_val_00047387,n03724870 129 56 396 314 ,n03724870
ILSVRC2012_val_00017309,n03729826 171 365 219 497 ,n03729826
ILSVRC2012_val_00027769,n03733131 274 22 286 207 ,n03733131
ILSVRC2012_val_00024860,n03733281 1 152 499 374 ,n03733281
ILSVRC2012_val_00032857,n03733805 25 156 303 374 ,n03733805
ILSVRC2012_val_00040392,n03742115 155 51 320 318 ,n03742115
ILSVRC2012_val_00025925,n03743016 117 47 253 382 n03743016 0 16 118 440 ,n03743016
ILSVRC2012_val_00001982,n03759954 357 81 395 316 n03759954 201 120 230 180 n03759954 269 99 309 113 ,n03759954
ILSVRC2012_val_00047421,n03761084 36 60 479 297 ,n03761084
ILSVRC2012_val_00025565,n03763968 36 0 288 498 n03763968 303 0 373 498 ,n03763968
ILSVRC2012_val_00037823,n03764736 72 104 198 317 n03764736 317 96 438 306 n03764736 234 81 328 277 n03764736 181 136 282 339 ,n03764736
ILSVRC2012_val_00010968,n03769881 109 75 392 322 ,n03769881
ILSVRC2012_val_00020532,n03770439 156 232 245 305 ,n03770439
ILSVRC2012_val_00022654,n03770679 14 26 491 374 ,n03770679
ILSVRC2012_val_00015813,n03773504 69 158 440 230 ,n03773504
ILSVRC2012_val_00024697,n03775071 140 57 425 331 ,n03775071
ILSVRC2012_val_00006621,n03775546 54 20 445 258 n03775546 84 97 446 259 ,n03775546
ILSVRC2012_val_00013909,n03776460 52 15 477 298 ,n03776460
ILSVRC2012_val_00017586,n03777568 52 10 489 373 ,n03777568
ILSVRC2012_val_00045892,n03777754 141 62 234 438 ,n03777754
ILSVRC2012_val_00011838,n03781244 1 1 373 495 ,n03781244
ILSVRC2012_val_00034501,n03782006 118 91 423 292 ,n03782006
ILSVRC2012_val_00042151,n03785016 1 117 180 330 ,n03785016
ILSVRC2012_val_00000168,n03786901 35 31 553 420 ,n03786901
ILSVRC2012_val_00041446,n03787032 5 0 397 272 ,n03787032
ILSVRC2012_val_00017260,n03788195 162 0 497 488 ,n03788195
ILSVRC2012_val_00009770,n03788365 42 13 402 374 n03788365 279 87 455 374 ,n03788365
ILSVRC2012_val_00037060,n03791053 15 137 331 498 ,n03791053
ILSVRC2012_val_00049001,n03792782 3 190 93 360 n03792782 231 161 257 221 n03792782 327 152 343 177 n03792782 277 153 291 177 n03792782 312 142 329 176 n03792782 292 150 304 176 n03792782 250 155 275 207 ,n03792782
ILSVRC2012_val_00036701,n03792972 0 134 166 355 n03792972 198 187 278 236 ,n03792972
ILSVRC2012_val_00013161,n03793489 69 309 123 362 ,n03793489
ILSVRC2012_val_00000430,n03794056 243 88 489 286 ,n03794056
ILSVRC2012_val_00005422,n03796401 78 31 423 318 ,n03796401
ILSVRC2012_val_00044666,n03803284 87 157 196 297 ,n03803284
ILSVRC2012_val_00027874,n03804744 87 221 241 286 ,n03804744
ILSVRC2012_val_00028383,n03814639 128 193 341 368 ,n03814639
ILSVRC2012_val_00026681,n03814906 0 0 441 436 ,n03814906
ILSVRC2012_val_00011962,n03825788 105 0 149 85 n03825788 48 2 96 88 n03825788 0 0 44 81 ,n03825788
ILSVRC2012_val_00040078,n03832673 117 144 344 321 ,n03832673
ILSVRC2012_val_00036715,n03837869 161 66 231 457 ,n03837869
ILSVRC2012_val_00047869,n03838899 7 87 87 706 ,n03838899
ILSVRC2012_val_00015714,n03840681 22 73 487 327 ,n03840681
ILSVRC2012_val_00025311,n03841143 0 1 499 374 ,n03841143
ILSVRC2012_val_00025419,n03843555 90 90 294 307 ,n03843555
ILSVRC2012_val_00010534,n03854065 205 349 287 415 n03854065 397 311 454 382 n03854065 382 136 436 271 n03854065 172 160 206 261 n03854065 59 123 112 271 n03854065 287 163 334 289 n03854065 131 142 159 267 n03854065 334 147 363 289 n03854065 147 301 186 410 n03854065 224 170 268 238 n03854065 302 312 341 414 n03854065 6 18 498 428 n03854065 37 310 94 374 ,n03854065
ILSVRC2012_val_00012661,n03857828 0 1 431 323 ,n03857828
ILSVRC2012_val_00038100,n03866082 61 92 285 486 n03866082 82 203 280 485 n03866082 293 0 342 247 n03866082 332 86 372 286 n03866082 237 2 297 241 n03866082 290 246 330 363 ,n03866082
ILSVRC2012_val_00014640,n03868242 100 103 295 245 ,n03868242
ILSVRC2012_val_00011676,n03868863 85 164 268 363 ,n03868863
ILSVRC2012_val_00004509,n03871628 11 46 498 490 ,n03871628
ILSVRC2012_val_00004961,n03873416 106 24 259 311 n03873416 164 77 430 317 n03873416 164 77 431 322 ,n03873416
ILSVRC2012_val_00004764,n03874293 91 111 490 420 ,n03874293
ILSVRC2012_val_00014725,n03874599 210 184 292 293 n03874599 210 171 289 292 ,n03874599
ILSVRC2012_val_00027752,n03876231 148 71 290 323 n03876231 18 86 137 315 n03876231 142 103 224 288 ,n03876231
ILSVRC2012_val_00016590,n03877472 0 222 373 498 ,n03877472
ILSVRC2012_val_00003937,n03877845 1 42 498 372 n03877845 1 45 499 203 ,n03877845
ILSVRC2012_val_00000844,n03884397 2 9 143 94 ,n03884397
ILSVRC2012_val_00007502,n03887697 15 55 352 312 ,n03887697
ILSVRC2012_val_00009873,n03888257 284 71 449 326 ,n03888257
ILSVRC2012_val_00043877,n03888605 0 161 199 188 ,n03888605
ILSVRC2012_val_00022295,n03891251 143 342 267 411 n03891251 0 337 115 414 ,n03891251
ILSVRC2012_val_00042835,n03891332 102 0 407 388 n03891332 0 2 72 394 ,n03891332
ILSVRC2012_val_00038339,n03895866 30 225 166 256 n03895866 42 222 78 256 n03895866 100 227 133 250 ,n03895866
ILSVRC2012_val_00029777,n03899768 1 210 373 498 n03899768 277 202 373 291 ,n03899768
ILSVRC2012_val_00031979,n03902125 324 71 434 236 n03902125 435 81 467 220 n03902125 468 101 494 211 ,n03902125
ILSVRC2012_val_00035124,n03903868 68 8 301 498 ,n03903868
ILSVRC2012_val_00007714,n03908618 23 177 487 344 n03908618 73 17 435 157 ,n03908618
ILSVRC2012_val_00030855,n03908714 125 86 330 292 ,n03908714
ILSVRC2012_val_00028136,n03916031 61 128 424 470 ,n03916031
ILSVRC2012_val_00010434,n03920288 22 85 373 461 ,n03920288
ILSVRC2012_val_00031353,n03924679 58 119 959 1455 ,n03924679
ILSVRC2012_val_00015320,n03929660 148 48 370 310 ,n03929660
ILSVRC2012_val_00037737,n03929855 134 52 194 97 ,n03929855
ILSVRC2012_val_00046381,n03930313 0 7 330 491 ,n03930313
ILSVRC2012_val_00035897,n03930630 46 18 469 362 n03930630 381 55 499 182 n03930630 0 85 170 276 n03930630 4 61 57 89 ,n03930630
ILSVRC2012_val_00043955,n03933933 100 104 499 257 ,n03933933
ILSVRC2012_val_00022575,n03935335 27 130 268 470 ,n03935335
ILSVRC2012_val_00043519,n03937543 369 118 473 308 ,n03937543
ILSVRC2012_val_00005257,n03938244 17 10 487 482 ,n03938244
ILSVRC2012_val_00041504,n03942813 220 240 236 258 ,n03942813
ILSVRC2012_val_00023001,n03944341 1 0 268 351 n03944341 145 156 373 498 ,n03944341
ILSVRC2012_val_00006118,n03947888 1 0 373 498 ,n03947888
ILSVRC2012_val_00047131,n03950228 192 71 370 284 ,n03950228
ILSVRC2012_val_00039321,n03954731 43 35 743 410 ,n03954731
ILSVRC2012_val_00026337,n03956157 77 93 302 226 ,n03956157
ILSVRC2012_val_00023547,n03958227 348 257 403 352 ,n03958227
ILSVRC2012_val_00014748,n03961711 28 166 304 292 ,n03961711
ILSVRC2012_val_00020960,n03967562 62 1 413 344 ,n03967562
ILSVRC2012_val_00015058,n03970156 2 258 290 378 n03970156 170 296 260 421 n03970156 68 150 207 377 ,n03970156
ILSVRC2012_val_00033699,n03976467 0 3 541 389 ,n03976467
ILSVRC2012_val_00020111,n03976657 236 92 278 374 ,n03976657
ILSVRC2012_val_00026126,n03977966 7 76 371 301 n03977966 428 129 499 186 ,n03977966
ILSVRC2012_val_00042518,n03980874 179 143 347 370 ,n03980874
ILSVRC2012_val_00042092,n03982430 152 191 499 333 ,n03982430
ILSVRC2012_val_00009620,n03983396 361 22 465 356 n03983396 257 24 352 357 n03983396 148 21 243 355 n03983396 38 22 137 354 ,n03983396
ILSVRC2012_val_00018488,n03991062 0 18 455 374 ,n03991062
ILSVRC2012_val_00038161,n03992509 239 93 499 331 ,n03992509
ILSVRC2012_val_00038748,n03995372 7 137 363 407 ,n03995372
ILSVRC2012_val_00047697,n03998194 3 37 373 492 ,n03998194
ILSVRC2012_val_00034313,n04004767 3 4 119 151 ,n04004767
ILSVRC2012_val_00043759,n04005630 2 0 373 498 ,n04005630
ILSVRC2012_val_00030783,n04008634 240 1 373 498 n04008634 1 26 217 498 n04008634 190 343 253 498 n04008634 0 138 81 350 ,n04008634
ILSVRC2012_val_00041303,n04009552 18 59 482 337 ,n04009552
ILSVRC2012_val_00044487,n04019541 388 291 405 310 ,n04019541
ILSVRC2012_val_00017190,n04023962 52 46 101 192 ,n04023962
ILSVRC2012_val_00004109,n04026417 62 13 498 445 ,n04026417
ILSVRC2012_val_00001345,n04033901 174 60 321 595 n04033901 316 3 426 588 ,n04033901
ILSVRC2012_val_00007136,n04033995 179 165 499 374 ,n04033995
ILSVRC2012_val_00022936,n04037443 6 32 472 367 n04037443 0 0 256 75 ,n04037443
ILSVRC2012_val_00033869,n04039381 387 105 476 155 n04039381 95 134 135 164 ,n04039381
ILSVRC2012_val_00015305,n04040759 118 76 387 332 ,n04040759
ILSVRC2012_val_00026909,n04041544 32 40 476 301 ,n04041544
ILSVRC2012_val_00003857,n04044716 148 71 444 196 ,n04044716
ILSVRC2012_val_00042057,n04049303 82 176 241 425 ,n04049303
ILSVRC2012_val_00026802,n04065272 33 99 494 303 ,n04065272
ILSVRC2012_val_00010131,n04067472 167 216 292 366 ,n04067472
ILSVRC2012_val_00044051,n04069434 0 3 378 280 ,n04069434
ILSVRC2012_val_00004630,n04070727 40 2 373 496 ,n04070727
ILSVRC2012_val_00017725,n04074963 123 2 263 487 ,n04074963
ILSVRC2012_val_00028580,n04081281 1 0 373 498 ,n04081281
ILSVRC2012_val_00036437,n04086273 4 74 729 343 ,n04086273
ILSVRC2012_val_00006962,n04090263 5 8 1585 294 ,n04090263
ILSVRC2012_val_00026468,n04099969 90 28 413 470 ,n04099969
ILSVRC2012_val_00010756,n04111531 1 1 499 332 ,n04111531
ILSVRC2012_val_00007939,n04116512 335 165 371 224 n04116512 180 207 337 304 ,n04116512
ILSVRC2012_val_00048999,n04118538 372 193 412 227 ,n04118538
ILSVRC2012_val_00022488,n04118776 8 11 468 359 ,n04118776
ILSVRC2012_val_00032402,n04120489 96 0 499 256 n04120489 0 0 499 374 n04120489 6 50 498 370 ,n04120489
ILSVRC2012_val_00044122,n04125021 6 33 889 648 ,n04125021
ILSVRC2012_val_00026816,n04127249 374 75 416 292 n04127249 431 81 475 295 n04127249 220 63 334 263 n04127249 298 74 371 287 n04127249 35 42 194 182 n04127249 135 54 314 226 n04127249 101 54 293 218 n04127249 1 40 152 165 n04127249 451 89 498 305 n04127249 408 88 430 305 n04127249 342 80 391 287 n04127249 0 32 162 105 n04127249 471 94 499 167 n04127249 1 15 113 54 n04127249 65 46 219 177 ,n04127249
ILSVRC2012_val_00011286,n04131690 19 26 208 278 n04131690 245 23 433 277 ,n04131690
ILSVRC2012_val_00047781,n04133789 81 62 193 311 n04133789 376 71 487 309 n04133789 280 69 395 323 n04133789 83 63 195 312 n04133789 174 57 286 299 n04133789 14 74 100 311 ,n04133789
ILSVRC2012_val_00010187,n04136333 31 176 461 374 n04136333 276 1 361 193 n04136333 139 27 172 196 n04136333 159 17 210 202 n04136333 0 69 29 374 n04136333 19 77 68 372 ,n04136333
ILSVRC2012_val_00015586,n04141076 147 134 253 412 ,n04141076
ILSVRC2012_val_00003236,n04141327 169 37 321 442 n04141327 348 237 428 467 n04141327 4 43 465 430 n04141327 0 0 237 452 ,n04141327
ILSVRC2012_val_00016341,n04141975 14 14 485 295 ,n04141975
ILSVRC2012_val_00035866,n04146614 75 99 499 371 ,n04146614
ILSVRC2012_val_00017721,n04147183 18 6 473 351 ,n04147183
ILSVRC2012_val_00011762,n04149813 1 0 499 374 ,n04149813
ILSVRC2012_val_00019442,n04152593 271 128 370 284 n04152593 100 63 129 130 n04152593 161 69 227 237 n04152593 426 42 466 84 n04152593 62 52 80 80 ,n04152593
ILSVRC2012_val_00020203,n04153751 107 1 647 372 n04153751 2 297 257 505 ,n04153751
ILSVRC2012_val_00045274,n04154565 2 22 405 290 ,n04154565
ILSVRC2012_val_00008838,n04162706 221 326 288 498 ,n04162706
ILSVRC2012_val_00018514,n04179913 189 177 499 350 n04179913 35 132 175 231 n04179913 239 189 383 337 n04179913 342 118 466 219 n04179913 64 92 145 148 n04179913 385 74 497 166 n04179913 110 69 180 137 ,n04179913
ILSVRC2012_val_00047613,n04192698 17 52 326 498 ,n04192698
ILSVRC2012_val_00003880,n04200800 18 238 371 417 ,n04200800
ILSVRC2012_val_00041367,n04201297 0 0 499 373 ,n04201297
ILSVRC2012_val_00009096,n04204238 1 45 319 222 ,n04204238
ILSVRC2012_val_00006082,n04204347 80 55 380 352 ,n04204347
ILSVRC2012_val_00002164,n04208210 150 8 365 498 ,n04208210
ILSVRC2012_val_00006090,n04209133 57 24 212 146 n04209133 204 40 307 98 ,n04209133
ILSVRC2012_val_00013908,n04209239 31 11 468 463 ,n04209239
ILSVRC2012_val_00036197,n04228054 112 343 200 374 ,n04228054
ILSVRC2012_val_00022708,n04229816 71 32 272 380 ,n04229816
ILSVRC2012_val_00031462,n04235860 27 1828 556 2177 n04235860 0 507 589 916 n04235860 10 10 584 452 n04235860 49 1370 491 1795 n04235860 0 944 589 1364 ,n04235860
ILSVRC2012_val_00001599,n04238763 141 195 282 303 ,n04238763
ILSVRC2012_val_00002333,n04239074 225 138 296 353 n04239074 296 141 351 338 n04239074 140 123 356 374 n04239074 2 120 37 343 ,n04239074
ILSVRC2012_val_00033812,n04243546 5 41 181 468 n04243546 140 121 231 373 n04243546 262 207 308 295 n04243546 306 213 332 282 n04243546 222 196 251 331 ,n04243546
ILSVRC2012_val_00035850,n04251144 98 197 308 371 ,n04251144
ILSVRC2012_val_00022958,n04252077 9 108 496 300 n04252077 21 93 280 203 ,n04252077
ILSVRC2012_val_00001533,n04252225 0 144 447 336 ,n04252225
ILSVRC2012_val_00028718,n04254120 133 16 336 488 ,n04254120
ILSVRC2012_val_00035786,n04254680 38 89 102 154 ,n04254680
ILSVRC2012_val_00012532,n04254777 83 63 208 393 n04254777 210 63 322 388 ,n04254777
ILSVRC2012_val_00036418,n04258138 94 208 201 309 n04258138 338 219 440 286 n04258138 163 208 268 299 n04258138 272 216 379 285 ,n04258138
ILSVRC2012_val_00036481,n04259630 87 127 210 211 n04259630 0 125 28 163 n04259630 87 125 207 210 n04259630 87 126 208 210 ,n04259630
ILSVRC2012_val_00042927,n04263257 23 13 165 125 n04263257 30 251 150 362 n04263257 165 11 491 361 ,n04263257
ILSVRC2012_val_00019350,n04264628 88 234 331 343 ,n04264628
ILSVRC2012_val_00041691,n04265275 167 71 352 270 ,n04265275
ILSVRC2012_val_00014979,n04266014 282 76 391 233 ,n04266014
ILSVRC2012_val_00001587,n04270147 37 86 115 410 ,n04270147
ILSVRC2012_val_00038450,n04273569 79 140 412 217 n04273569 5 44 128 70 n04273569 135 65 251 93 n04273569 339 67 499 88 ,n04273569
ILSVRC2012_val_00035311,n04275548 0 0 499 374 ,n04275548
ILSVRC2012_val_00039856,n04277352 40 56 454 354 ,n04277352
ILSVRC2012_val_00041626,n04285008 101 110 498 271 n04285008 10 69 398 206 ,n04285008
ILSVRC2012_val_00018294,n04286575 30 1 395 283 n04286575 38 6 218 262 ,n04286575
ILSVRC2012_val_00040912,n04296562 0 1 498 333 ,n04296562
ILSVRC2012_val_00044347,n04310018 163 96 499 281 ,n04310018
ILSVRC2012_val_00028093,n04311004 46 48 460 272 ,n04311004
ILSVRC2012_val_00013300,n04311174 37 294 412 472 ,n04311174
ILSVRC2012_val_00015316,n04317175 17 58 499 323 ,n04317175
ILSVRC2012_val_00020738,n04325704 5 38 489 357 ,n04325704
ILSVRC2012_val_00005047,n04326547 276 287 373 368 n04326547 1 288 235 350 n04326547 2 401 373 498 ,n04326547
ILSVRC2012_val_00020153,n04328186 84 10 418 399 ,n04328186
ILSVRC2012_val_00045020,n04330267 20 37 488 390 ,n04330267
ILSVRC2012_val_00004551,n04332243 165 11 308 466 n04332243 25 121 192 486 n04332243 193 153 408 485 ,n04332243
ILSVRC2012_val_00045852,n04335435 63 225 201 383 ,n04335435
ILSVRC2012_val_00019974,n04336792 147 179 312 287 ,n04336792
ILSVRC2012_val_00015043,n04344873 1 71 499 347 ,n04344873
ILSVRC2012_val_00045605,n04346328 3 2 372 496 ,n04346328
ILSVRC2012_val_00013459,n04347754 16 58 428 224 ,n04347754
ILSVRC2012_val_00045630,n04350905 91 140 325 498 ,n04350905
ILSVRC2012_val_00029523,n04355338 57 75 435 357 ,n04355338
ILSVRC2012_val_00039088,n04355933 82 27 425 242 ,n04355933
ILSVRC2012_val_00042753,n04356056 176 0 364 68 ,n04356056
ILSVRC2012_val_00001610,n04357314 284 234 380 346 ,n04357314
ILSVRC2012_val_00040969,n04366367 0 0 498 409 ,n04366367
ILSVRC2012_val_00029338,n04367480 174 57 385 752 ,n04367480
ILSVRC2012_val_00005163,n04370456 155 168 292 320 n04370456 298 141 340 183 ,n04370456
ILSVRC2012_val_00015877,n04371430 79 41 127 110 n04371430 237 55 262 77 n04371430 113 56 140 82 n04371430 291 197 379 258 ,n04371430
ILSVRC2012_val_00025323,n04371774 41 11 242 370 ,n04371774
ILSVRC2012_val_00001306,n04372370 165 212 355 341 ,n04372370
ILSVRC2012_val_00020150,n04376876 180 231 219 255 ,n04376876
ILSVRC2012_val_00026919,n04380533 81 57 310 418 ,n04380533
ILSVRC2012_val_00047296,n04389033 21 39 478 319 ,n04389033
ILSVRC2012_val_00005881,n04392985 294 91 498 176 n04392985 284 185 472 278 ,n04392985
ILSVRC2012_val_00043087,n04398044 95 8 485 275 ,n04398044
ILSVRC2012_val_00004523,n04399382 0 43 372 498 ,n04399382
ILSVRC2012_val_00020529,n04404412 100 88 391 332 ,n04404412
ILSVRC2012_val_00015047,n04409515 488 276 751 538 ,n04409515
ILSVRC2012_val_00012696,n04417672 32 13 442 233 ,n04417672
ILSVRC2012_val_00011246,n04418357 0 0 499 332 ,n04418357
ILSVRC2012_val_00036482,n04423845 10 181 190 378 ,n04423845
ILSVRC2012_val_00009176,n04428191 102 105 425 324 ,n04428191
ILSVRC2012_val_00017455,n04429376 100 31 248 473 ,n04429376
ILSVRC2012_val_00022779,n04435653 177 0 499 247 ,n04435653
ILSVRC2012_val_00025862,n04442312 96 68 279 188 n04442312 95 318 280 440 ,n04442312
ILSVRC2012_val_00015268,n04443257 32 12 464 427 ,n04443257
ILSVRC2012_val_00013106,n04447861 107 273 292 462 ,n04447861
ILSVRC2012_val_00038362,n04456115 247 37 284 193 n04456115 139 82 171 211 n04456115 317 61 345 152 n04456115 368 37 397 146 n04456115 192 79 238 218 n04456115 214 193 246 229 n04456115 173 96 202 209 ,n04456115
ILSVRC2012_val_00036017,n04458633 33 0 160 492 n04458633 137 1 373 496 ,n04458633
ILSVRC2012_val_00049076,n04461696 144 102 371 285 ,n04461696
ILSVRC2012_val_00014406,n04462240 2 2 499 374 ,n04462240
ILSVRC2012_val_00042682,n04465501 163 231 339 296 ,n04465501
ILSVRC2012_val_00000187,n04467665 181 255 361 415 n04467665 381 302 393 316 ,n04467665
ILSVRC2012_val_00040391,n04476259 57 107 447 396 ,n04476259
ILSVRC2012_val_00004459,n04479046 96 145 241 467 ,n04479046
ILSVRC2012_val_00038399,n04482393 79 131 379 287 ,n04482393
ILSVRC2012_val_00038739,n04483307 152 18 392 464 ,n04483307
ILSVRC2012_val_00000059,n04485082 93 116 304 373 n04485082 368 158 454 312 n04485082 0 191 65 374 ,n04485082
ILSVRC2012_val_00029473,n04486054 30 51 361 417 ,n04486054
ILSVRC2012_val_00047730,n04487081 201 135 415 256 n04487081 18 112 202 264 n04487081 414 176 478 217 ,n04487081
ILSVRC2012_val_00000555,n04487394 4 99 499 257 ,n04487394
ILSVRC2012_val_00037884,n04493381 23 247 256 372 ,n04493381
ILSVRC2012_val_00016643,n04501370 341 90 434 276 n04501370 41 256 197 374 n04501370 195 266 425 374 ,n04501370
ILSVRC2012_val_00039947,n04505470 0 0 498 350 ,n04505470
ILSVRC2012_val_00002233,n04507155 77 1 445 250 ,n04507155
ILSVRC2012_val_00026754,n04509417 118 170 226 358 n04509417 0 171 59 293 n04509417 181 207 249 285 n04509417 453 289 499 374 ,n04509417
ILSVRC2012_val_00040580,n04515003 1 15 499 357 ,n04515003
ILSVRC2012_val_00042728,n04517823 321 132 384 260 ,n04517823
ILSVRC2012_val_00042947,n04522168 186 165 351 432 n04522168 236 200 373 498 n04522168 173 182 275 342 ,n04522168
ILSVRC2012_val_00043862,n04523525 32 12 461 306 ,n04523525
ILSVRC2012_val_00041534,n04525038 0 0 340 498 ,n04525038
ILSVRC2012_val_00017691,n04525305 77 46 317 485 ,n04525305
ILSVRC2012_val_00049927,n04532106 33 63 292 488 ,n04532106
ILSVRC2012_val_00000296,n04532670 8 162 491 383 ,n04532670
ILSVRC2012_val_00026957,n04536866 228 136 289 299 n04536866 286 134 334 285 ,n04536866
ILSVRC2012_val_00042050,n04540053 173 27 213 67 ,n04540053
ILSVRC2012_val_00007336,n04542943 106 50 398 321 n04542943 385 3 499 198 ,n04542943
ILSVRC2012_val_00044685,n04548280 60 2 283 473 ,n04548280
ILSVRC2012_val_00007169,n04548362 12 38 476 332 ,n04548362
ILSVRC2012_val_00014621,n04550184 80 18 474 454 ,n04550184
ILSVRC2012_val_00047539,n04552348 78 129 459 264 ,n04552348
ILSVRC2012_val_00022742,n04553703 43 23 377 209 ,n04553703
ILSVRC2012_val_00041318,n04554684 54 62 254 318 ,n04554684
ILSVRC2012_val_00008077,n04557648 166 175 228 231 ,n04557648
ILSVRC2012_val_00034498,n04560804 30 12 310 468 ,n04560804
ILSVRC2012_val_00019841,n04562935 218 118 322 330 ,n04562935
ILSVRC2012_val_00034785,n04579145 15 10 620 1006 ,n04579145
ILSVRC2012_val_00025788,n04579432 341 99 456 342 n04579432 201 93 319 328 ,n04579432
ILSVRC2012_val_00003883,n04584207 57 13 368 420 ,n04584207
ILSVRC2012_val_00022480,n04589890 3 3 498 333 ,n04589890
ILSVRC2012_val_00002760,n04590129 67 90 261 335 ,n04590129
ILSVRC2012_val_00044298,n04591157 146 108 197 185 n04591157 486 39 499 155 ,n04591157
ILSVRC2012_val_00024147,n04591713 48 63 192 390 n04591713 192 0 373 318 ,n04591713
ILSVRC2012_val_00024575,n04592741 287 140 489 170 n04592741 9 146 195 179 ,n04592741
ILSVRC2012_val_00015856,n04596742 34 36 466 413 ,n04596742
ILSVRC2012_val_00040529,n04597913 0 131 496 418 ,n04597913
ILSVRC2012_val_00035088,n04599235 0 0 485 498 ,n04599235
ILSVRC2012_val_00021154,n04604644 56 200 341 498 ,n04604644
ILSVRC2012_val_00036885,n04606251 0 172 373 412 ,n04606251
ILSVRC2012_val_00025092,n04612504 229 159 280 235 n04612504 132 126 188 199 ,n04612504
ILSVRC2012_val_00003113,n04613696 92 73 328 228 ,n04613696
ILSVRC2012_val_00038322,n06359193 87 2 386 495 n06359193 95 10 379 482 ,n06359193
ILSVRC2012_val_00014214,n06596364 259 121 367 218 n06596364 349 10 440 124 n06596364 368 194 499 345 n06596364 92 0 208 151 n06596364 141 230 260 350 n06596364 0 0 96 144 n06596364 214 9 299 134 n06596364 212 7 297 131 n06596364 360 125 463 195 n06596364 350 13 440 123 n06596364 34 217 169 343 n06596364 253 223 378 357 n06596364 169 151 267 234 n06596364 86 147 191 233 n06596364 0 217 79 339 n06596364 367 197 485 223 n06596364 0 137 108 223 n06596364 3 146 51 223 n06596364 298 0 337 116 ,n06596364
ILSVRC2012_val_00013792,n06785654 0 73 499 374 ,n06785654
ILSVRC2012_val_00001376,n06794110 81 212 241 498 ,n06794110
ILSVRC2012_val_00000274,n06874185 10 322 148 498 n06874185 205 241 255 295 n06874185 283 247 373 321 ,n06874185
ILSVRC2012_val_00047159,n07248320 0 1 386 498 ,n07248320
ILSVRC2012_val_00026997,n07565083 222 267 357 476 n07565083 0 2 373 498 n07565083 0 137 337 265 n07565083 117 292 213 471 n07565083 93 138 167 230 ,n07565083
ILSVRC2012_val_00036329,n07579787 62 70 489 353 ,n07579787
ILSVRC2012_val_00001785,n07583066 0 1 431 373 ,n07583066
ILSVRC2012_val_00045765,n07584110 146 98 335 240 ,n07584110
ILSVRC2012_val_00025045,n07590611 104 56 473 325 ,n07590611
ILSVRC2012_val_00009187,n07613480 156 94 395 351 ,n07613480
ILSVRC2012_val_00014743,n07614500 253 255 490 487 n07614500 11 11 247 247 n07614500 252 13 482 245 n07614500 12 252 247 487 ,n07614500
ILSVRC2012_val_00021643,n07615774 121 273 158 411 ,n07615774
ILSVRC2012_val_00046907,n07684084 48 48 449 320 ,n07684084
ILSVRC2012_val_00049796,n07693725 0 227 287 473 n07693725 52 71 206 162 ,n07693725
ILSVRC2012_val_00024522,n07695742 33 98 243 312 n07695742 242 85 453 253 ,n07695742
ILSVRC2012_val_00004321,n07697313 41 4 492 412 ,n07697313
ILSVRC2012_val_00003908,n07697537 56 123 365 430 ,n07697537
ILSVRC2012_val_00012622,n07711569 102 55 394 383 ,n07711569
ILSVRC2012_val_00040469,n07714571 91 172 252 332 n07714571 187 64 343 215 n07714571 94 29 217 163 n07714571 0 130 139 252 n07714571 0 241 84 317 n07714571 74 307 198 374 n07714571 316 155 451 312 n07714571 222 269 363 374 n07714571 30 50 95 128 n07714571 377 319 466 374 n07714571 453 230 499 374 ,n07714571
ILSVRC2012_val_00014546,n07714990 0 0 475 200 ,n07714990
ILSVRC2012_val_00012105,n07715103 105 178 532 547 n07715103 1 1 319 309 n07715103 322 4 678 207 n07715103 1 279 102 451 ,n07715103
ILSVRC2012_val_00023848,n07716358 1 174 187 290 ,n07716358
ILSVRC2012_val_00014623,n07716906 140 160 498 498 ,n07716906
ILSVRC2012_val_00027565,n07717410 6 135 325 440 n07717410 0 0 115 55 ,n07717410
ILSVRC2012_val_00007798,n07717556 112 6 286 238 ,n07717556
ILSVRC2012_val_00000463,n07718472 28 28 247 396 ,n07718472
ILSVRC2012_val_00011345,n07718747 127 221 372 498 n07718747 85 165 316 363 ,n07718747
ILSVRC2012_val_00047598,n07720875 172 111 280 228 ,n07720875
ILSVRC2012_val_00047735,n07730033 45 80 370 491 ,n07730033
ILSVRC2012_val_00025813,n07734744 13 4 785 646 ,n07734744
ILSVRC2012_val_00016141,n07742313 26 23 142 144 ,n07742313
ILSVRC2012_val_00002412,n07745940 175 153 288 276 n07745940 56 256 156 358 n07745940 144 253 209 317 ,n07745940
ILSVRC2012_val_00012699,n07747607 200 301 227 329 n07747607 312 319 341 349 n07747607 67 263 95 290 n07747607 229 305 256 334 n07747607 125 230 160 265 ,n07747607
ILSVRC2012_val_00002363,n07749582 16 182 254 402 ,n07749582
ILSVRC2012_val_00028665,n07753113 143 133 255 240 n07753113 75 307 438 450 n07753113 78 110 182 211 n07753113 75 306 440 448 n07753113 73 323 240 450 n07753113 155 232 297 317 n07753113 95 207 178 297 n07753113 230 110 363 205 ,n07753113
ILSVRC2012_val_00023804,n07753275 196 58 308 273 ,n07753275
ILSVRC2012_val_00038819,n07753592 299 194 362 293 n07753592 255 188 331 270 n07753592 256 211 331 267 n07753592 240 189 304 283 n07753592 213 251 259 282 n07753592 244 262 294 280 n07753592 179 252 209 286 ,n07753592
ILSVRC2012_val_00003664,n07754684 387 18 429 92 n07754684 83 124 130 183 n07754684 224 94 274 144 n07754684 353 127 406 182 n07754684 104 197 156 267 n07754684 186 106 231 177 n07754684 405 99 458 150 n07754684 54 174 130 255 n07754684 49 81 78 124 n07754684 451 112 490 149 n07754684 25 49 57 92 n07754684 229 141 270 180 n07754684 26 7 60 49 n07754684 64 239 135 327 n07754684 58 39 91 79 n07754684 406 142 432 176 n07754684 431 147 492 210 n07754684 215 161 255 201 n07754684 67 141 84 179 ,n07754684
ILSVRC2012_val_00012103,n07760859 300 185 685 577 ,n07760859
ILSVRC2012_val_00007820,n07768694 83 17 383 271 ,n07768694
ILSVRC2012_val_00044239,n07802026 1 1 499 354 ,n07802026
ILSVRC2012_val_00021338,n07831146 69 52 428 319 ,n07831146
ILSVRC2012_val_00023137,n07836838 0 19 287 269 n07836838 0 4 368 349 ,n07836838
ILSVRC2012_val_00038843,n07860988 210 107 353 232 n07860988 127 245 272 367 n07860988 243 228 391 339 n07860988 365 70 454 180 n07860988 43 152 160 266 n07860988 99 70 223 171 n07860988 339 162 438 282 n07860988 236 32 297 100 n07860988 303 50 365 96 n07860988 143 35 241 99 n07860988 151 186 251 263 ,n07860988
ILSVRC2012_val_00044260,n07871810 103 109 412 306 ,n07871810
ILSVRC2012_val_00039396,n07873807 44 22 480 374 ,n07873807
ILSVRC2012_val_00020953,n07875152 0 29 499 349 ,n07875152
ILSVRC2012_val_00024068,n07880968 103 86 371 347 ,n07880968
ILSVRC2012_val_00038996,n07892512 136 156 389 303 ,n07892512
ILSVRC2012_val_00029384,n07920052 0 117 207 367 ,n07920052
ILSVRC2012_val_00046595,n07930864 18 191 346 405 n07930864 383 162 498 361 n07930864 158 135 397 287 ,n07930864
ILSVRC2012_val_00035443,n07932039 36 20 317 442 ,n07932039
ILSVRC2012_val_00038734,n09193705 40 185 371 327 n09193705 0 192 192 311 n09193705 108 220 277 272 ,n09193705
ILSVRC2012_val_00031230,n09229709 259 63 313 116 n09229709 254 132 308 191 n09229709 149 50 184 87 n09229709 41 417 113 490 n09229709 261 413 305 457 ,n09229709
ILSVRC2012_val_00042182,n09246464 0 88 499 374 ,n09246464
ILSVRC2012_val_00014143,n09256479 0 41 477 373 n09256479 124 63 419 250 ,n09256479
ILSVRC2012_val_00038277,n09288635 32 127 489 281 ,n09288635
ILSVRC2012_val_00039635,n09332890 1 3 499 374 ,n09332890
ILSVRC2012_val_00010403,n09399592 1 0 499 104 ,n09399592
ILSVRC2012_val_00017102,n09421951 4 310 488 465 n09421951 0 263 498 471 ,n09421951
ILSVRC2012_val_00015471,n09428293 3 149 499 374 ,n09428293
ILSVRC2012_val_00018865,n09468604 1 0 638 478 ,n09468604
ILSVRC2012_val_00030382,n09472597 1 150 371 486 ,n09472597
ILSVRC2012_val_00045226,n09835506 7 116 124 347 n09835506 231 63 440 307 n09835506 116 172 287 348 n09835506 240 53 424 297 ,n09835506
ILSVRC2012_val_00009603,n10148035 118 110 192 239 n10148035 240 86 338 228 ,n10148035
ILSVRC2012_val_00020849,n10565667 76 91 345 465 ,n10565667
ILSVRC2012_val_00011338,n11879895 0 173 499 332 ,n11879895
ILSVRC2012_val_00022139,n11939491 277 102 499 358 n11939491 4 155 232 374 n11939491 1 1 154 201 n11939491 106 61 299 261 n11939491 361 0 499 158 ,n11939491
ILSVRC2012_val_00048982,n12057211 91 60 257 206 ,n12057211
ILSVRC2012_val_00008231,n12144580 82 9 263 152 n12144580 232 102 248 119 n12144580 183 150 204 164 n12144580 234 123 253 142 n12144580 156 109 175 127 n12144580 155 109 175 127 n12144580 71 54 88 69 n12144580 130 43 145 61 n12144580 192 60 203 72 n12144580 181 174 196 185 n12144580 101 94 124 109 n12144580 128 126 144 146 n12144580 184 90 204 108 n12144580 142 28 159 44 n12144580 220 71 242 85 n12144580 216 132 234 152 n12144580 99 62 122 80 ,n12144580
ILSVRC2012_val_00047247,n12267677 59 16 306 331 ,n12267677
ILSVRC2012_val_00008895,n12620546 0 63 227 312 n12620546 229 200 336 302 n12620546 225 3 335 117 n12620546 335 203 428 317 n12620546 254 113 363 215 n12620546 176 96 270 193 n12620546 283 70 389 201 n12620546 206 259 303 347 n12620546 157 67 229 120 n12620546 129 125 179 177 ,n12620546
ILSVRC2012_val_00048728,n12768682 255 150 360 243 n12768682 172 193 238 255 n12768682 186 103 254 178 n12768682 229 32 337 129 n12768682 225 232 319 318 n12768682 76 78 161 185 n12768682 332 87 404 181 ,n12768682
ILSVRC2012_val_00036334,n12985857 67 19 440 421 ,n12985857
ILSVRC2012_val_00044877,n12998815 238 94 499 352 ,n12998815
ILSVRC2012_val_00043208,n13037406 87 50 407 249 ,n13037406
ILSVRC2012_val_00001743,n13040303 133 80 469 441 ,n13040303
ILSVRC2012_val_00039327,n13044778 92 136 405 407 ,n13044778
ILSVRC2012_val_00006421,n13052670 0 2 499 354 ,n13052670
ILSVRC2012_val_00026665,n13054560 72 7 225 179 n13054560 212 36 300 174 n13054560 224 178 309 256 n13054560 200 213 257 270 n13054560 163 221 260 271 n13054560 91 139 138 201 ,n13054560
ILSVRC2012_val_00049555,n13133613 344 60 471 446 ,n13133613
ILSVRC2012_val_00038340,n15075141 78 200 404 385 ,n15075141
